scenario,scheduler_id,scheduler,seed,original_fct_s,fixed_fct_s,delta_s,original_rx_app,fixed_rx_app,original_exact_full,fixed_exact_full
dominating,0,RR,1,3.2904,3.2904,0.0,5242880,5242880,True,True
dominating,0,RR,2,3.2758,3.2732,-0.0026,5242880,5242880,True,True
dominating,0,RR,3,3.2904,3.3599,0.0695,5242880,5242880,True,True
dominating,0,RR,4,3.2642,3.2642,0.0,5242880,5242880,True,True
dominating,0,RR,5,3.2834,3.2812,-0.0022,5242880,5242880,True,True
dominating,0,RR,6,3.2946,3.2947,0.0001,5242880,5242880,True,True
dominating,0,RR,7,3.2427,3.2381,-0.0046,5242880,5242880,True,True
dominating,0,RR,8,3.2535,3.2535,0.0,5242880,5242880,True,True
dominating,0,RR,9,3.2630,3.2630,0.0,5242880,5242880,True,True
dominating,0,RR,10,3.2751,3.2751,0.0,5242880,5242880,True,True
dominating,0,RR,11,3.2786,3.2786,0.0,5242880,5242880,True,True
dominating,0,RR,12,3.2688,3.2688,0.0,5242880,5242880,True,True
dominating,0,RR,13,3.2588,3.2588,0.0,5242880,5242880,True,True
dominating,0,RR,14,3.2590,3.2590,0.0,5242880,5242880,True,True
dominating,0,RR,15,3.2848,3.2860,0.0012,5242880,5242880,True,True
dominating,0,RR,16,3.2557,3.2559,0.0002,5242880,5242880,True,True
dominating,0,RR,17,3.2612,3.2612,0.0,5242880,5242880,True,True
dominating,0,RR,18,3.3286,3.3286,0.0,5242880,5242880,True,True
dominating,0,RR,19,3.2809,3.2786,-0.0023,5242880,5242880,True,True
dominating,0,RR,20,3.3029,3.3006,-0.0023,5242880,5242880,True,True
dominating,0,RR,21,3.2491,3.2503,0.0012,5242880,5242880,True,True
dominating,0,RR,22,3.2480,3.2480,0.0,5242880,5242880,True,True
dominating,0,RR,23,3.2734,3.2734,0.0,5242880,5242880,True,True
dominating,0,RR,24,3.2958,3.2959,0.0001,5242880,5242880,True,True
dominating,0,RR,25,3.2626,3.2626,0.0,5242880,5242880,True,True
dominating,0,RR,26,3.2925,3.2924,-0.0001,5242880,5242880,True,True
dominating,0,RR,27,3.2616,3.2628,0.0012,5242880,5242880,True,True
dominating,0,RR,28,3.2536,3.2536,0.0,5242880,5242880,True,True
dominating,0,RR,29,3.2731,3.2731,0.0,5242880,5242880,True,True
dominating,0,RR,30,3.2864,3.2864,0.0,5242880,5242880,True,True
dominating,1,MinRTT,1,4.3219,4.3633,0.0414,5242880,5242880,True,True
dominating,1,MinRTT,2,3.9814,3.9814,0.0,5242880,5242880,True,True
dominating,1,MinRTT,3,3.8458,3.8458,0.0,5242880,5242880,True,True
dominating,1,MinRTT,4,4.2644,4.4260,0.1616,5242880,5242880,True,True
dominating,1,MinRTT,5,4.1362,4.2951,0.1589,5242880,5242880,True,True
dominating,1,MinRTT,6,4.3293,4.3293,0.0,5242880,5242880,True,True
dominating,1,MinRTT,7,4.3368,4.3368,0.0,5242880,5242880,True,True
dominating,1,MinRTT,8,4.2744,4.2744,0.0,5242880,5242880,True,True
dominating,1,MinRTT,9,4.1625,4.2096,0.0471,5242880,5242880,True,True
dominating,1,MinRTT,10,3.9796,3.9313,-0.0483,5242880,5242880,True,True
dominating,1,MinRTT,11,3.9972,3.9936,-0.0036,5242880,5242880,True,True
dominating,1,MinRTT,12,4.2763,4.2717,-0.0046,5242014,5242880,False,True
dominating,1,MinRTT,13,4.3441,4.3184,-0.0257,5242880,5242880,True,True
dominating,1,MinRTT,14,4.2704,3.9515,-0.3189,5242880,5242880,True,True
dominating,1,MinRTT,15,4.2606,4.2049,-0.0557,5242880,5242880,True,True
dominating,1,MinRTT,16,3.9238,3.9238,0.0,5242880,5242880,True,True
dominating,1,MinRTT,17,4.1770,4.3138,0.1368,5242880,5242880,True,True
dominating,1,MinRTT,18,4.3997,4.3997,0.0,5242880,5242880,True,True
dominating,1,MinRTT,19,3.9131,3.9131,0.0,5242880,5242880,True,True
dominating,1,MinRTT,20,3.9801,3.9801,0.0,5242880,5242880,True,True
dominating,1,MinRTT,21,3.8950,4.0513,0.1563,5242880,5242880,True,True
dominating,1,MinRTT,22,4.0954,4.0954,0.0,5242880,5242880,True,True
dominating,1,MinRTT,23,4.1669,4.1669,0.0,5242880,5242880,True,True
dominating,1,MinRTT,24,3.5115,3.5115,0.0,5242880,5242880,True,True
dominating,1,MinRTT,25,4.0288,4.1044,0.0756,5242880,5242880,True,True
dominating,1,MinRTT,26,3.7956,3.7956,0.0,5242880,5242880,True,True
dominating,1,MinRTT,27,4.2698,4.2698,0.0,5242880,5242880,True,True
dominating,1,MinRTT,28,4.0034,4.0034,0.0,5242880,5242880,True,True
dominating,1,MinRTT,29,3.6928,3.6928,0.0,5242880,5242880,True,True
dominating,1,MinRTT,30,3.8135,3.8135,0.0,5242880,5242880,True,True
dominating,2,BLEST,1,4.3587,4.5064,0.1477,5242880,5242880,True,True
dominating,2,BLEST,2,4.2963,4.2893,-0.007,5242880,5242880,True,True
dominating,2,BLEST,3,4.3233,4.3233,0.0,5242880,5242880,True,True
dominating,2,BLEST,4,4.2767,4.2767,0.0,5242880,5242880,True,True
dominating,2,BLEST,5,4.3068,4.3068,0.0,5242880,5242880,True,True
dominating,2,BLEST,7,4.4723,4.4723,0.0,5242880,5242880,True,True
dominating,2,BLEST,8,4.2983,4.2983,0.0,5242880,5242880,True,True
dominating,2,BLEST,9,4.3922,4.5070,0.1148,5242880,5242880,True,True
dominating,2,BLEST,10,4.4964,4.4963,-0.0001,5242880,5242880,True,True
dominating,2,BLEST,11,4.3246,4.3246,0.0,5242880,5242880,True,True
dominating,2,BLEST,12,4.5341,4.5340,-0.0001,5242880,5242880,True,True
dominating,2,BLEST,13,4.4945,4.4946,0.0001,5242880,5242880,True,True
dominating,2,BLEST,15,4.3495,4.3495,0.0,5242880,5242880,True,True
dominating,2,BLEST,16,4.3040,4.3040,0.0,5242880,5242880,True,True
dominating,2,BLEST,17,4.4943,4.4943,0.0,5242880,5242880,True,True
dominating,2,BLEST,19,4.2808,4.2808,0.0,5242880,5242880,True,True
dominating,2,BLEST,20,4.2718,4.2695,-0.0023,5242880,5242880,True,True
dominating,2,BLEST,21,4.3500,4.3500,0.0,5242880,5242880,True,True
dominating,2,BLEST,23,4.4922,4.4096,-0.0826,5242880,5242880,True,True
dominating,2,BLEST,24,4.3187,4.3187,0.0,5242880,5242880,True,True
dominating,2,BLEST,25,4.5133,4.5078,-0.0055,5242880,5242880,True,True
dominating,2,BLEST,26,4.3281,4.3281,0.0,5242880,5242880,True,True
dominating,2,BLEST,27,4.3264,4.3264,0.0,5242880,5242880,True,True
dominating,2,BLEST,28,4.4887,4.4887,0.0,5242880,5242880,True,True
dominating,2,BLEST,29,4.2809,4.2809,0.0,5242880,5242880,True,True
dominating,2,BLEST,30,4.5269,4.5220,-0.0049,5242880,5242880,True,True
dominating,3,ECF,1,3.6344,3.6344,0.0,5242880,5242880,True,True
dominating,3,ECF,2,3.8086,3.8086,0.0,5242880,5242880,True,True
dominating,3,ECF,3,3.9236,3.8557,-0.0679,5242880,5242880,True,True
dominating,3,ECF,4,4.2679,4.2679,0.0,5242880,5242880,True,True
dominating,3,ECF,5,4.3798,4.4691,0.0893,5242880,5242880,True,True
dominating,3,ECF,6,4.1559,4.0245,-0.1314,5242880,5242880,True,True
dominating,3,ECF,7,3.8969,4.2779,0.381,5242880,5242880,True,True
dominating,3,ECF,8,4.1307,4.4360,0.3053,5242880,5242880,True,True
dominating,3,ECF,10,4.3485,4.3485,0.0,5242880,5242880,True,True
dominating,3,ECF,11,4.3301,4.0446,-0.2855,5242880,5242880,True,True
dominating,3,ECF,12,3.6487,4.2959,0.6472,5242880,5242880,True,True
dominating,3,ECF,13,4.3926,4.3926,0.0,5242880,5242880,True,True
dominating,3,ECF,14,4.0481,4.0481,0.0,5242880,5242880,True,True
dominating,3,ECF,15,4.2923,4.2923,0.0,5242880,5242880,True,True
dominating,3,ECF,17,4.2699,4.2699,0.0,5242880,5242880,True,True
dominating,3,ECF,18,4.3135,4.1993,-0.1142,5242880,5242880,True,True
dominating,3,ECF,19,4.2281,4.0375,-0.1906,5242880,5242880,True,True
dominating,3,ECF,20,4.2581,4.0326,-0.2255,5242880,5242880,True,True
dominating,3,ECF,21,4.0119,4.0119,0.0,5242880,5242880,True,True
dominating,3,ECF,22,4.3953,4.3953,0.0,5242880,5242880,True,True
dominating,3,ECF,23,4.3317,4.3317,0.0,5242880,5242880,True,True
dominating,3,ECF,24,3.9303,3.9303,0.0,5242880,5242880,True,True
dominating,3,ECF,25,4.3465,4.3465,0.0,5242880,5242880,True,True
dominating,3,ECF,26,4.0067,4.0091,0.0024,5242880,5242880,True,True
dominating,3,ECF,27,4.0780,4.1371,0.0591,5242880,5242880,True,True
dominating,3,ECF,28,4.1928,4.3130,0.1202,5242880,5242880,True,True
dominating,3,ECF,29,3.9073,3.9073,0.0,5242880,5242880,True,True
dominating,3,ECF,30,4.3977,4.5042,0.1065,5242880,5242880,True,True
dominating,4,Peekaboo,1,4.3219,4.3633,0.0414,5242880,5242880,True,True
dominating,4,Peekaboo,2,3.9814,3.9814,0.0,5242880,5242880,True,True
dominating,4,Peekaboo,3,3.8458,3.8458,0.0,5242880,5242880,True,True
dominating,4,Peekaboo,4,4.2644,4.4260,0.1616,5242880,5242880,True,True
dominating,4,Peekaboo,5,4.1362,4.2951,0.1589,5242880,5242880,True,True
dominating,4,Peekaboo,6,4.3293,4.3293,0.0,5242880,5242880,True,True
dominating,4,Peekaboo,7,4.1308,4.1308,0.0,5242880,5242880,True,True
dominating,4,Peekaboo,8,4.2744,4.2744,0.0,5242880,5242880,True,True
dominating,4,Peekaboo,9,4.1625,4.2096,0.0471,5242880,5242880,True,True
dominating,4,Peekaboo,10,3.9796,3.9313,-0.0483,5242880,5242880,True,True
dominating,4,Peekaboo,11,3.9972,3.9936,-0.0036,5242880,5242880,True,True
dominating,4,Peekaboo,12,4.4121,4.4121,0.0,5242880,5242880,True,True
dominating,4,Peekaboo,13,4.2484,4.3483,0.0999,5242880,5242880,True,True
dominating,4,Peekaboo,14,4.2892,3.9515,-0.3377,5242880,5242880,True,True
dominating,4,Peekaboo,15,4.2606,4.2049,-0.0557,5242880,5242880,True,True
dominating,4,Peekaboo,16,3.9238,3.9238,0.0,5242880,5242880,True,True
dominating,4,Peekaboo,17,4.1770,4.3138,0.1368,5242880,5242880,True,True
dominating,4,Peekaboo,18,4.3997,4.3997,0.0,5242880,5242880,True,True
dominating,4,Peekaboo,19,3.9131,3.9131,0.0,5242880,5242880,True,True
dominating,4,Peekaboo,20,3.9801,3.9801,0.0,5242880,5242880,True,True
dominating,4,Peekaboo,21,3.8950,4.0513,0.1563,5242880,5242880,True,True
dominating,4,Peekaboo,22,4.1351,4.1351,0.0,5242880,5242880,True,True
dominating,4,Peekaboo,23,4.3784,4.2645,-0.1139,5242880,5242880,True,True
dominating,4,Peekaboo,24,3.5115,3.5115,0.0,5242880,5242880,True,True
dominating,4,Peekaboo,25,4.0288,4.1044,0.0756,5242880,5242880,True,True
dominating,4,Peekaboo,26,3.7956,3.7956,0.0,5242880,5242880,True,True
dominating,4,Peekaboo,27,4.2859,4.2859,0.0,5242880,5242880,True,True
dominating,4,Peekaboo,28,4.1423,4.0203,-0.122,5242880,5242880,True,True
dominating,4,Peekaboo,29,3.6928,3.6928,0.0,5242880,5242880,True,True
dominating,4,Peekaboo,30,3.8135,3.8135,0.0,5242880,5242880,True,True
dominating,5,EAT(new),1,3.2640,3.2640,0.0,5242880,5242880,True,True
dominating,5,EAT(new),2,3.2473,3.2473,0.0,5242880,5242880,True,True
dominating,5,EAT(new),3,3.3839,3.2607,-0.1232,5242880,5242880,True,True
dominating,5,EAT(new),4,3.2574,3.2574,0.0,5242880,5242880,True,True
dominating,5,EAT(new),5,3.2493,3.2505,0.0012,5242880,5242880,True,True
dominating,5,EAT(new),6,3.2641,3.2641,0.0,5242880,5242880,True,True
dominating,5,EAT(new),7,3.2301,3.2301,0.0,5242880,5242880,True,True
dominating,5,EAT(new),8,3.2520,3.2520,0.0,5242880,5242880,True,True
dominating,5,EAT(new),9,3.2729,3.2683,-0.0046,5242880,5242880,True,True
dominating,5,EAT(new),10,3.2639,3.2730,0.0091,5242880,5242880,True,True
dominating,5,EAT(new),11,3.2640,3.2639,-0.0001,5242880,5242880,True,True
dominating,5,EAT(new),12,3.2712,3.2688,-0.0024,5242880,5242880,True,True
dominating,5,EAT(new),13,3.2558,3.2558,0.0,5242880,5242880,True,True
dominating,5,EAT(new),14,3.2561,3.2672,0.0111,5242880,5242880,True,True
dominating,5,EAT(new),15,3.2680,3.2692,0.0012,5242880,5242880,True,True
dominating,5,EAT(new),16,3.2670,3.2658,-0.0012,5242880,5242880,True,True
dominating,5,EAT(new),17,3.2489,3.2478,-0.0011,5242880,5242880,True,True
dominating,5,EAT(new),18,3.2899,3.3829,0.093,5242880,5242880,True,True
dominating,5,EAT(new),19,3.2478,3.2478,0.0,5242880,5242880,True,True
dominating,5,EAT(new),20,3.2460,3.2472,0.0012,5242880,5242880,True,True
dominating,5,EAT(new),21,3.2386,3.2386,0.0,5242880,5242880,True,True
dominating,5,EAT(new),22,3.2457,3.2457,0.0,5242880,5242880,True,True
dominating,5,EAT(new),23,3.2501,3.2501,0.0,5242880,5242880,True,True
dominating,5,EAT(new),24,3.2485,3.2513,0.0028,5242880,5242880,True,True
dominating,5,EAT(new),25,3.3673,3.2550,-0.1123,5242880,5242880,True,True
dominating,5,EAT(new),26,3.2607,3.2607,0.0,5242880,5242880,True,True
dominating,5,EAT(new),27,3.2525,3.2513,-0.0012,5242880,5242880,True,True
dominating,5,EAT(new),28,3.2552,3.3892,0.134,5242880,5242880,True,True
dominating,5,EAT(new),29,3.2536,3.2536,0.0,5242880,5242880,True,True
dominating,5,EAT(new),30,3.2714,3.2714,0.0,5242880,5242880,True,True
dominating,6,MinRTT-multi(new),1,3.2572,3.2572,0.0,5242880,5242880,True,True
dominating,6,MinRTT-multi(new),2,3.2703,3.2704,0.0001,5242880,5242880,True,True
dominating,6,MinRTT-multi(new),3,3.2820,3.3598,0.0778,5242880,5242880,True,True
dominating,6,MinRTT-multi(new),4,3.2561,3.2561,0.0,5242880,5242880,True,True
dominating,6,MinRTT-multi(new),5,3.2791,3.2768,-0.0023,5242880,5242880,True,True
dominating,6,MinRTT-multi(new),6,3.2653,3.2665,0.0012,5242880,5242880,True,True
dominating,6,MinRTT-multi(new),7,3.2510,3.2558,0.0048,5242880,5242880,True,True
dominating,6,MinRTT-multi(new),8,3.2495,3.2508,0.0013,5242880,5242880,True,True
dominating,6,MinRTT-multi(new),9,3.2856,3.2920,0.0064,5242880,5242880,True,True
dominating,6,MinRTT-multi(new),10,3.2708,3.2729,0.0021,5242880,5242880,True,True
dominating,6,MinRTT-multi(new),11,3.2698,3.2686,-0.0012,5242880,5242880,True,True
dominating,6,MinRTT-multi(new),12,3.2885,3.2884,-0.0001,5242880,5242880,True,True
dominating,6,MinRTT-multi(new),13,3.2488,3.2487,-0.0001,5242880,5242880,True,True
dominating,6,MinRTT-multi(new),14,3.2817,3.2968,0.0151,5242880,5242880,True,True
dominating,6,MinRTT-multi(new),15,3.2879,3.3734,0.0855,5242880,5242880,True,True
dominating,6,MinRTT-multi(new),16,3.2559,3.2559,0.0,5242880,5242880,True,True
dominating,6,MinRTT-multi(new),17,3.2698,3.2698,0.0,5242880,5242880,True,True
dominating,6,MinRTT-multi(new),18,3.2912,3.2913,0.0001,5242880,5242880,True,True
dominating,6,MinRTT-multi(new),19,3.2735,3.2714,-0.0021,5242880,5242880,True,True
dominating,6,MinRTT-multi(new),20,3.2449,3.2449,0.0,5242880,5242880,True,True
dominating,6,MinRTT-multi(new),21,3.2903,3.2879,-0.0024,5242880,5242880,True,True
dominating,6,MinRTT-multi(new),22,3.2383,3.2346,-0.0037,5242880,5242880,True,True
dominating,6,MinRTT-multi(new),23,3.2464,3.2464,0.0,5242880,5242880,True,True
dominating,6,MinRTT-multi(new),24,3.2753,3.2733,-0.002,5242880,5242880,True,True
dominating,6,MinRTT-multi(new),25,3.2587,3.2587,0.0,5242880,5242880,True,True
dominating,6,MinRTT-multi(new),26,3.2906,3.2927,0.0021,5242880,5242880,True,True
dominating,6,MinRTT-multi(new),27,3.2729,3.2733,0.0004,5242880,5242880,True,True
dominating,6,MinRTT-multi(new),28,3.2415,3.3648,0.1233,5242880,5242880,True,True
dominating,6,MinRTT-multi(new),29,3.2445,3.2445,0.0,5242880,5242880,True,True
dominating,6,MinRTT-multi(new),30,3.2979,3.2980,0.0001,5242880,5242880,True,True
competing,0,RR,1,3.4679,3.4656,-0.0023,5242880,5242880,True,True
competing,0,RR,2,3.3937,3.6086,0.2149,5242880,5242880,True,True
competing,0,RR,3,3.4035,3.4058,0.0023,5242880,5242880,True,True
competing,0,RR,4,3.4614,3.4613,-0.0001,5242812,5242880,False,True
competing,0,RR,9,3.3944,3.3944,0.0,5242880,5242880,True,True
competing,0,RR,10,3.5990,3.5920,-0.007,5241336,5242880,False,True
competing,0,RR,20,3.4230,3.4230,0.0,5242880,5242880,True,True
competing,0,RR,22,4.0985,4.0985,0.0,5242880,5242880,True,True
competing,0,RR,24,3.3828,3.3828,0.0,5242880,5242880,True,True
competing,0,RR,25,3.4139,3.4139,0.0,5242880,5242880,True,True
competing,0,RR,27,3.4061,3.4061,0.0,5242880,5242880,True,True
competing,0,RR,29,3.4033,4.0356,0.6323,5242880,5242880,True,True
competing,0,RR,30,3.4079,4.0544,0.6465,5242880,5242880,True,True
competing,1,MinRTT,1,4.1408,4.1838,0.043,5242880,5242880,True,True
competing,1,MinRTT,2,6.6423,7.1021,0.4598,5242880,5242880,True,True
competing,1,MinRTT,3,5.3808,5.6500,0.2692,5242880,5242880,True,True
competing,1,MinRTT,4,6.7344,6.7344,0.0,5242880,5242880,True,True
competing,1,MinRTT,5,5.7516,5.7516,0.0,5242880,5242880,True,True
competing,1,MinRTT,6,6.4103,6.4103,0.0,5242880,5242880,True,True
competing,1,MinRTT,7,4.0567,4.0689,0.0122,5242880,5242880,True,True
competing,1,MinRTT,8,4.1663,4.9876,0.8213,5242880,5240806,True,False
competing,1,MinRTT,9,7.1506,7.1506,0.0,5242880,5242880,True,True
competing,1,MinRTT,10,7.3721,7.3721,0.0,5242880,5242880,True,True
competing,1,MinRTT,11,7.5040,7.5040,0.0,5242880,5242880,True,True
competing,1,MinRTT,12,4.5961,4.3114,-0.2847,5242880,5242880,True,True
competing,1,MinRTT,13,8.0007,8.0007,0.0,5242880,5242880,True,True
competing,1,MinRTT,14,4.5530,4.3750,-0.178,5241662,5242880,False,True
competing,1,MinRTT,15,7.2622,7.2622,0.0,5242880,5242880,True,True
competing,1,MinRTT,16,5.6366,5.6366,0.0,5242880,5242880,True,True
competing,1,MinRTT,17,7.3152,7.3129,-0.0023,5241886,5242880,False,True
competing,1,MinRTT,18,7.9786,7.9786,0.0,5242880,5242880,True,True
competing,1,MinRTT,19,6.9158,6.9158,0.0,5242880,5242880,True,True
competing,1,MinRTT,20,4.0997,5.2882,1.1885,5242880,5242880,True,True
competing,1,MinRTT,21,5.4475,5.6706,0.2231,5242250,5242880,False,True
competing,1,MinRTT,22,7.6782,7.9806,0.3024,5242880,5242880,True,True
competing,1,MinRTT,24,7.1921,6.4735,-0.7186,5242880,5242880,True,True
competing,1,MinRTT,25,4.6180,4.6188,0.0008,5241353,5242880,False,True
competing,1,MinRTT,26,7.1263,6.9088,-0.2175,5242880,5242880,True,True
competing,1,MinRTT,27,5.3010,5.7512,0.4502,5242880,5242880,True,True
competing,1,MinRTT,28,6.6950,7.6504,0.9554,5242880,5242880,True,True
competing,1,MinRTT,29,6.8959,6.8960,0.0001,5242880,5242880,True,True
competing,1,MinRTT,30,18.6596,22.7690,4.1094,5239992,5242880,False,True
competing,2,BLEST,1,4.2356,4.2356,0.0,5242880,5242880,True,True
competing,2,BLEST,2,6.6423,7.1021,0.4598,5242880,5242880,True,True
competing,2,BLEST,3,4.1719,4.2084,0.0365,5242880,5242880,True,True
competing,2,BLEST,4,7.1450,7.1474,0.0024,5242880,5242880,True,True
competing,2,BLEST,5,4.8096,4.8072,-0.0024,5241436,5242880,False,True
competing,2,BLEST,6,6.4103,6.4103,0.0,5242880,5242880,True,True
competing,2,BLEST,8,5.2097,5.2097,0.0,5242880,5242880,True,True
competing,2,BLEST,9,7.1506,7.1506,0.0,5242880,5242880,True,True
competing,2,BLEST,10,7.3721,7.3721,0.0,5242880,5242880,True,True
competing,2,BLEST,11,7.3899,7.3802,-0.0097,5242880,5242880,True,True
competing,2,BLEST,13,8.0007,8.0007,0.0,5242880,5242880,True,True
competing,2,BLEST,15,6.7151,6.7151,0.0,5242880,5242880,True,True
competing,2,BLEST,16,5.6571,9.4357,3.7786,5242880,5242250,True,False
competing,2,BLEST,17,7.3152,7.3129,-0.0023,5241886,5242880,False,True
competing,2,BLEST,18,7.8258,7.8258,0.0,5242880,5242880,True,True
competing,2,BLEST,19,6.9158,6.9158,0.0,5242880,5242880,True,True
competing,2,BLEST,21,6.0730,6.0713,-0.0017,5239992,5242880,False,True
competing,2,BLEST,22,7.6514,7.6514,0.0,5242880,5242880,True,True
competing,2,BLEST,23,4.3991,5.9759,1.5768,5242880,5242880,True,True
competing,2,BLEST,24,6.9147,6.9147,0.0,5242880,5242880,True,True
competing,2,BLEST,25,4.3981,6.0084,1.6103,5242880,5242880,True,True
competing,2,BLEST,26,6.9335,6.9335,0.0,5242880,5242880,True,True
competing,2,BLEST,27,4.3444,6.0613,1.7169,5242880,5242880,True,True
competing,2,BLEST,28,6.6950,7.1981,0.5031,5242880,5242880,True,True
competing,2,BLEST,29,6.8959,6.8960,0.0001,5242880,5242880,True,True
competing,2,BLEST,30,18.6596,22.7690,4.1094,5239992,5242880,False,True
competing,3,ECF,1,5.3506,5.0570,-0.2936,5242880,5242880,True,True
competing,3,ECF,2,4.1213,4.1218,0.0005,5242880,5242880,True,True
competing,3,ECF,3,7.0579,7.0579,0.0,5242880,5242880,True,True
competing,3,ECF,4,6.5219,6.5219,0.0,5242880,5242880,True,True
competing,3,ECF,5,4.3144,4.3144,0.0,5242828,5242880,False,True
competing,3,ECF,6,6.0816,5.9202,-0.1614,5242880,5242880,True,True
competing,3,ECF,7,4.0377,4.1332,0.0955,5242880,5242880,True,True
competing,3,ECF,8,6.9677,6.9677,0.0,5242844,5242880,False,True
competing,3,ECF,9,7.0880,7.0880,0.0,5242880,5242880,True,True
competing,3,ECF,10,6.1397,6.1397,0.0,5242880,5242880,True,True
competing,3,ECF,11,7.0108,7.0106,-0.0002,5241436,5242880,False,True
competing,3,ECF,12,4.1223,4.1219,-0.0004,5242880,5242880,True,True
competing,3,ECF,13,7.0071,7.0071,0.0,5242880,5242880,True,True
competing,3,ECF,14,4.3195,4.3195,0.0,5242880,5242880,True,True
competing,3,ECF,15,7.0179,7.1817,0.1638,5242880,5242880,True,True
competing,3,ECF,16,6.8628,6.8879,0.0251,5241436,5242880,False,True
competing,3,ECF,17,7.1140,7.1115,-0.0025,5241790,5242880,False,True
competing,3,ECF,18,7.5185,7.4025,-0.116,5242880,5242880,True,True
competing,3,ECF,19,7.4933,7.4909,-0.0024,5241437,5242880,False,True
competing,3,ECF,20,5.2440,5.7792,0.5352,5242880,5242880,True,True
competing,3,ECF,21,5.7849,5.7921,0.0072,5242880,5242880,True,True
competing,3,ECF,22,7.2676,7.2676,0.0,5242880,5242880,True,True
competing,3,ECF,23,5.7874,5.7357,-0.0517,5242880,5242250,True,False
competing,3,ECF,24,6.5904,6.5904,0.0,5242880,5242880,True,True
competing,3,ECF,25,4.5575,4.1720,-0.3855,5242880,5242880,True,True
competing,3,ECF,26,6.6322,6.6322,0.0,5242880,5242880,True,True
competing,3,ECF,27,5.7617,5.7617,0.0,5242880,5242880,True,True
competing,3,ECF,28,6.9710,7.2369,0.2659,5242880,5242880,True,True
competing,3,ECF,29,6.9770,6.9770,0.0,5242880,5242880,True,True
competing,3,ECF,30,8.0992,8.0992,0.0,5242880,5242880,True,True
competing,4,Peekaboo,1,4.1408,4.1838,0.043,5242880,5242880,True,True
competing,4,Peekaboo,2,6.6423,7.1021,0.4598,5242880,5242880,True,True
competing,4,Peekaboo,3,5.7705,5.7705,0.0,5242880,5242880,True,True
competing,4,Peekaboo,4,7.6608,7.6608,0.0,5242880,5242880,True,True
competing,4,Peekaboo,5,6.0269,5.3119,-0.715,5242880,5242880,True,True
competing,4,Peekaboo,6,7.2970,7.2970,0.0,5242880,5242880,True,True
competing,4,Peekaboo,7,4.1421,4.1349,-0.0072,5242880,5242880,True,True
competing,4,Peekaboo,8,4.9629,5.2193,0.2564,5242880,5242880,True,True
competing,4,Peekaboo,9,7.2104,7.2104,0.0,5242880,5242880,True,True
competing,4,Peekaboo,10,7.8257,7.8257,0.0,5242880,5242880,True,True
competing,4,Peekaboo,11,7.8355,7.8355,0.0,5242880,5242880,True,True
competing,4,Peekaboo,12,5.6871,5.6934,0.0063,5242880,5242880,True,True
competing,4,Peekaboo,13,8.4447,8.4448,0.0001,5242880,5242880,True,True
competing,4,Peekaboo,14,4.6571,4.3750,-0.2821,5242878,5242880,False,True
competing,4,Peekaboo,15,7.7795,7.7795,0.0,5242880,5242880,True,True
competing,4,Peekaboo,16,5.9427,5.9427,0.0,5242880,5242880,True,True
competing,4,Peekaboo,17,7.6806,7.6806,0.0,5242880,5242880,True,True
competing,4,Peekaboo,18,8.1818,8.1818,0.0,5242880,5242880,True,True
competing,4,Peekaboo,19,6.9158,6.9158,0.0,5242880,5242880,True,True
competing,4,Peekaboo,20,5.5102,5.7349,0.2247,5242880,5242880,True,True
competing,4,Peekaboo,21,5.7545,6.1740,0.4195,5242880,5242880,True,True
competing,4,Peekaboo,22,8.2260,8.2260,0.0,5242880,5242880,True,True
competing,4,Peekaboo,23,4.3319,5.9515,1.6196,5242879,5242880,False,True
competing,4,Peekaboo,24,7.8593,7.8593,0.0,5242880,5242880,True,True
competing,4,Peekaboo,25,4.6180,4.6188,0.0008,5241353,5242880,False,True
competing,4,Peekaboo,26,7.2234,7.2234,0.0,5242880,5242880,True,True
competing,4,Peekaboo,27,5.8075,5.8051,-0.0024,5242880,5242880,True,True
competing,4,Peekaboo,28,7.2163,8.2558,1.0395,5242880,5242880,True,True
competing,4,Peekaboo,29,6.8959,6.8960,0.0001,5242880,5242880,True,True
competing,4,Peekaboo,30,18.6596,22.7690,4.1094,5239992,5242880,False,True
competing,5,EAT(new),1,3.4418,3.4446,0.0028,5242880,5242880,True,True
competing,5,EAT(new),3,3.4265,3.9414,0.5149,5242880,5242880,True,True
competing,5,EAT(new),4,3.4681,3.4682,0.0001,5241384,5242880,False,True
competing,5,EAT(new),9,3.3833,3.8655,0.4822,5242880,5242880,True,True
competing,5,EAT(new),13,3.4021,3.9317,0.5296,5242880,5242880,True,True
competing,5,EAT(new),14,3.3912,3.3912,0.0,5242880,5242880,True,True
competing,5,EAT(new),20,3.4164,3.4164,0.0,5242880,5242880,True,True
competing,5,EAT(new),24,3.3991,3.3991,0.0,5242880,5242880,True,True
competing,5,EAT(new),25,3.3926,3.9075,0.5149,5242880,5242880,True,True
competing,5,EAT(new),27,3.4057,4.0727,0.667,5242880,5242880,True,True
competing,5,EAT(new),28,3.5930,4.0492,0.4562,5241436,5242880,False,True
competing,5,EAT(new),29,3.3707,3.9903,0.6196,5242880,5242880,True,True
competing,5,EAT(new),30,3.4587,3.4473,-0.0114,5241436,5242880,False,True
competing,6,MinRTT-multi(new),1,3.4510,3.4514,0.0004,5242880,5242880,True,True
competing,6,MinRTT-multi(new),3,3.4358,3.9461,0.5103,5242880,5242880,True,True
competing,6,MinRTT-multi(new),4,3.4480,3.4457,-0.0023,5242880,5242880,True,True
competing,6,MinRTT-multi(new),9,3.3683,3.8559,0.4876,5242880,5242880,True,True
competing,6,MinRTT-multi(new),13,3.4068,3.9365,0.5297,5242880,5242880,True,True
competing,6,MinRTT-multi(new),14,3.3772,3.3771,-0.0001,5242880,5242880,True,True
competing,6,MinRTT-multi(new),20,3.3992,3.3992,0.0,5242880,5242880,True,True
competing,6,MinRTT-multi(new),24,3.3831,3.5469,0.1638,5242880,5242880,True,True
competing,6,MinRTT-multi(new),25,3.3812,3.8934,0.5122,5242880,5242880,True,True
competing,6,MinRTT-multi(new),27,3.3910,4.0636,0.6726,5242880,5242880,True,True
competing,6,MinRTT-multi(new),28,3.5794,4.0492,0.4698,5241436,5242880,False,True
competing,6,MinRTT-multi(new),29,3.3612,3.9880,0.6268,5242880,5242880,True,True
competing,6,MinRTT-multi(new),30,3.4587,3.4335,-0.0252,5241436,5242880,False,True
degrade,0,RR,1,7.1455,7.1456,0.0001,5242880,5242880,True,True
degrade,0,RR,2,6.3142,6.3019,-0.0123,5242880,5242880,True,True
degrade,0,RR,3,6.3399,7.1209,0.781,5242880,5242880,True,True
degrade,0,RR,4,6.3898,6.3898,0.0,5240806,5240806,False,False
degrade,0,RR,5,6.3396,6.3395,-0.0001,5242880,5242880,True,True
degrade,0,RR,6,6.3394,6.3394,0.0,5240806,5240806,False,False
degrade,0,RR,7,6.3777,6.3648,-0.0129,5240806,5242880,False,True
degrade,0,RR,8,6.4155,6.4155,0.0,5242880,5242880,True,True
degrade,0,RR,9,6.3518,6.3518,0.0,5242880,5242880,True,True
degrade,0,RR,10,6.3016,6.3016,0.0,5242880,5242880,True,True
degrade,0,RR,11,6.4624,6.4624,0.0,5242880,5242880,True,True
degrade,0,RR,12,6.3651,6.3651,0.0,5242880,5242880,True,True
degrade,0,RR,13,6.4153,6.4153,0.0,5242880,5242880,True,True
degrade,0,RR,14,6.3773,6.3773,0.0,5242880,5242880,True,True
degrade,0,RR,15,6.4633,6.4633,0.0,5242880,5242880,True,True
degrade,0,RR,16,6.4144,6.4144,0.0,5242880,5242880,True,True
degrade,0,RR,17,6.3517,6.3517,0.0,5242880,5242880,True,True
degrade,0,RR,18,6.4265,6.4265,0.0,5242880,5242880,True,True
degrade,0,RR,19,6.3272,6.3143,-0.0129,5240806,5240806,False,False
degrade,0,RR,20,6.2263,6.2263,0.0,5242880,5242880,True,True
degrade,0,RR,21,6.4038,6.4038,0.0,5242880,5242880,True,True
degrade,0,RR,22,6.3904,6.3904,0.0,5242880,5242880,True,True
degrade,0,RR,23,6.3288,6.3288,0.0,5242880,5242880,True,True
degrade,0,RR,24,6.1246,6.1135,-0.0111,5242880,5242880,True,True
degrade,0,RR,25,6.4020,6.4020,0.0,5242880,5242880,True,True
degrade,0,RR,26,6.3635,6.3635,0.0,5242880,5242880,True,True
degrade,0,RR,27,6.4144,6.4144,0.0,5242880,5242880,True,True
degrade,0,RR,28,6.3749,6.3749,0.0,5242880,5242880,True,True
degrade,0,RR,29,6.3519,6.3519,0.0,5242880,5242880,True,True
degrade,0,RR,30,6.4405,6.4405,0.0,5242880,5242880,True,True
degrade,1,MinRTT,1,7.3272,7.4283,0.1011,5242880,5242880,True,True
degrade,1,MinRTT,2,6.8821,6.4865,-0.3956,5242880,5242880,True,True
degrade,1,MinRTT,3,6.5686,6.5686,0.0,5242880,5242880,True,True
degrade,1,MinRTT,4,7.1181,7.3877,0.2696,5242880,5242880,True,True
degrade,1,MinRTT,5,6.8468,7.1836,0.3368,5242880,5242880,True,True
degrade,1,MinRTT,6,6.8260,6.8260,0.0,5242880,5242880,True,True
degrade,1,MinRTT,7,9.1054,6.8832,-2.2222,5242430,5242880,False,True
degrade,1,MinRTT,8,7.0808,7.0808,0.0,5242880,5242880,True,True
degrade,1,MinRTT,9,7.3485,8.6882,1.3397,5242880,5242250,True,False
degrade,1,MinRTT,10,6.5071,6.5240,0.0169,5242880,5242880,True,True
degrade,1,MinRTT,11,7.0372,7.0372,0.0,5242880,5242880,True,True
degrade,1,MinRTT,12,7.0440,7.1227,0.0787,5242880,5242880,True,True
degrade,1,MinRTT,13,7.1482,7.1482,0.0,5242880,5242880,True,True
degrade,1,MinRTT,14,7.1180,6.7000,-0.418,5242880,5242880,True,True
degrade,1,MinRTT,15,7.2036,7.0822,-0.1214,5242880,5242880,True,True
degrade,1,MinRTT,16,6.6764,6.6764,0.0,5242880,5242880,True,True
degrade,1,MinRTT,17,7.3576,7.4509,0.0933,5242880,5242880,True,True
degrade,1,MinRTT,18,7.2043,7.0706,-0.1337,5242880,5242880,True,True
degrade,1,MinRTT,19,6.6692,6.4596,-0.2096,5242880,5242880,True,True
degrade,1,MinRTT,20,6.5527,6.5527,0.0,5242880,5242880,True,True
degrade,1,MinRTT,21,6.9254,7.0323,0.1069,5242880,5242880,True,True
degrade,1,MinRTT,22,6.6959,6.6959,0.0,5242880,5242880,True,True
degrade,1,MinRTT,23,7.0634,7.0634,0.0,5242880,5242880,True,True
degrade,1,MinRTT,24,6.6182,6.6182,0.0,5242880,5242880,True,True
degrade,1,MinRTT,25,7.0484,7.2060,0.1576,5242880,5242880,True,True
degrade,1,MinRTT,26,6.4063,6.4857,0.0794,5242880,5242880,True,True
degrade,1,MinRTT,27,7.2200,7.2200,0.0,5242880,5242880,True,True
degrade,1,MinRTT,28,7.0701,6.7556,-0.3145,5242880,5242880,True,True
degrade,1,MinRTT,29,6.6274,6.5408,-0.0866,5242880,5242880,True,True
degrade,1,MinRTT,30,6.6416,6.6931,0.0515,5242880,5242880,True,True
degrade,2,BLEST,1,7.6505,7.8033,0.1528,5242880,5242880,True,True
degrade,2,BLEST,2,7.1410,7.1222,-0.0188,5242880,5242880,True,True
degrade,2,BLEST,3,7.1907,7.1907,0.0,5242880,5242880,True,True
degrade,2,BLEST,4,7.2719,7.1143,-0.1576,5242880,5242880,True,True
degrade,2,BLEST,5,7.1482,7.1463,-0.0019,5242880,5242880,True,True
degrade,2,BLEST,6,7.1698,7.2964,0.1266,5242880,5242880,True,True
degrade,2,BLEST,7,7.6295,7.6295,0.0,5242880,5242880,True,True
degrade,2,BLEST,8,7.2139,7.2055,-0.0084,5242880,5242880,True,True
degrade,2,BLEST,9,7.6430,9.8462,2.2032,5242880,5242880,True,True
degrade,2,BLEST,10,7.6616,7.7924,0.1308,5242880,5242880,True,True
degrade,2,BLEST,11,7.2017,7.2017,0.0,5242880,5242880,True,True
degrade,2,BLEST,12,7.7826,7.7825,-0.0001,5242880,5242880,True,True
degrade,2,BLEST,13,7.5230,7.5211,-0.0019,5242880,5242880,True,True
degrade,2,BLEST,14,7.1012,7.0903,-0.0109,5242880,5242880,True,True
degrade,2,BLEST,15,8.4137,8.4171,0.0034,5242880,5242880,True,True
degrade,2,BLEST,16,7.1671,7.1650,-0.0021,5242880,5242880,True,True
degrade,2,BLEST,17,7.5415,7.5415,0.0,5242880,5242880,True,True
degrade,2,BLEST,18,7.2377,7.4127,0.175,5242880,5242880,True,True
degrade,2,BLEST,19,7.1202,7.1158,-0.0044,5242880,5242880,True,True
degrade,2,BLEST,20,6.9147,7.0326,0.1179,5242880,5242880,True,True
degrade,2,BLEST,21,7.4424,7.4424,0.0,5242880,5242880,True,True
degrade,2,BLEST,22,7.7521,7.7496,-0.0025,5242880,5242880,True,True
degrade,2,BLEST,23,7.8075,7.6953,-0.1122,5242880,5242880,True,True
degrade,2,BLEST,24,7.1682,7.1660,-0.0022,5242880,5242880,True,True
degrade,2,BLEST,25,7.8294,7.6615,-0.1679,5242880,5242880,True,True
degrade,2,BLEST,26,7.1823,7.1797,-0.0026,5242880,5242880,True,True
degrade,2,BLEST,27,7.1656,7.1629,-0.0027,5242880,5242880,True,True
degrade,2,BLEST,28,7.7653,7.7694,0.0041,5242880,5242880,True,True
degrade,2,BLEST,29,7.1363,7.1339,-0.0024,5242880,5242880,True,True
degrade,2,BLEST,30,7.7403,7.8771,0.1368,5242880,5242880,True,True
degrade,3,ECF,1,6.5488,6.5576,0.0088,5242880,5242880,True,True
degrade,3,ECF,2,6.1552,6.1552,0.0,5242880,5242880,True,True
degrade,3,ECF,3,6.5772,6.7522,0.175,5242880,5242880,True,True
degrade,3,ECF,4,7.3221,7.3221,0.0,5242880,5242880,True,True
degrade,3,ECF,5,7.3365,7.4703,0.1338,5242880,5242880,True,True
degrade,3,ECF,6,6.6877,6.6874,-0.0003,5242880,5242880,True,True
degrade,3,ECF,7,6.8569,6.9887,0.1318,5242880,5242880,True,True
degrade,3,ECF,8,6.9092,7.1746,0.2654,5242880,5242880,True,True
degrade,3,ECF,9,6.4950,6.4950,0.0,5242880,5242880,True,True
degrade,3,ECF,10,7.5114,7.5114,0.0,5242880,5242880,True,True
degrade,3,ECF,11,6.9318,6.4231,-0.5087,5242880,5242880,True,True
degrade,3,ECF,12,6.7651,6.7598,-0.0053,5242880,5242880,True,True
degrade,3,ECF,13,6.9866,6.9866,0.0,5242880,5242880,True,True
degrade,3,ECF,14,6.8457,6.8296,-0.0161,5242880,5242880,True,True
degrade,3,ECF,15,7.3430,7.3430,0.0,5242880,5242880,True,True
degrade,3,ECF,16,6.6687,6.6687,0.0,5242880,5242880,True,True
degrade,3,ECF,17,7.1054,7.1054,0.0,5242880,5242880,True,True
degrade,3,ECF,18,7.1141,7.1164,0.0023,5242880,5242880,True,True
degrade,3,ECF,19,7.0790,6.3889,-0.6901,5242880,5242880,True,True
degrade,3,ECF,20,6.8974,6.7535,-0.1439,5242880,5242880,True,True
degrade,3,ECF,21,6.5653,6.5653,0.0,5242880,5242880,True,True
degrade,3,ECF,22,7.1624,7.1624,0.0,5242880,5242880,True,True
degrade,3,ECF,23,7.1353,7.1353,0.0,5242880,5242880,True,True
degrade,3,ECF,24,6.5218,6.5218,0.0,5242880,5242880,True,True
degrade,3,ECF,25,6.9385,6.9385,0.0,5242880,5242880,True,True
degrade,3,ECF,26,6.6814,6.5507,-0.1307,5242880,5242880,True,True
degrade,3,ECF,27,7.0398,7.1820,0.1422,5242880,5242880,True,True
degrade,3,ECF,28,7.1404,7.1570,0.0166,5242880,5242880,True,True
degrade,3,ECF,29,6.5253,6.7864,0.2611,5242880,5242880,True,True
degrade,3,ECF,30,6.8425,6.5049,-0.3376,5242880,5242880,True,True
degrade,4,Peekaboo,1,7.3272,7.4358,0.1086,5242880,5242880,True,True
degrade,4,Peekaboo,2,6.7220,6.7219,-0.0001,5242880,5242880,True,True
degrade,4,Peekaboo,3,6.7978,6.7978,0.0,5242880,5242880,True,True
degrade,4,Peekaboo,4,7.2558,7.5346,0.2788,5242880,5242880,True,True
degrade,4,Peekaboo,5,7.1710,7.2946,0.1236,5242880,5242880,True,True
degrade,4,Peekaboo,6,7.1295,7.1300,0.0005,5242880,5242880,True,True
degrade,4,Peekaboo,7,7.3697,7.3697,0.0,5242880,5242880,True,True
degrade,4,Peekaboo,8,7.3524,7.3524,0.0,5242880,5242880,True,True
degrade,4,Peekaboo,9,9.4084,7.1535,-2.2549,5242880,5242880,True,True
degrade,4,Peekaboo,10,6.8032,6.8002,-0.003,5242880,5242880,True,True
degrade,4,Peekaboo,11,7.2017,7.2017,0.0,5242880,5242880,True,True
degrade,4,Peekaboo,12,7.3140,7.3140,0.0,5242880,5242880,True,True
degrade,4,Peekaboo,13,7.2747,7.2948,0.0201,5242880,5242880,True,True
degrade,4,Peekaboo,14,7.2492,6.8454,-0.4038,5242880,5242880,True,True
degrade,4,Peekaboo,15,7.4665,7.1817,-0.2848,5242880,5242880,True,True
degrade,4,Peekaboo,16,6.8261,6.8261,0.0,5242880,5242880,True,True
degrade,4,Peekaboo,17,7.3744,7.3720,-0.0024,5242880,5242880,True,True
degrade,4,Peekaboo,18,7.4834,7.4836,0.0002,5242880,5242880,True,True
degrade,4,Peekaboo,19,6.7610,6.7610,0.0,5242880,5242880,True,True
degrade,4,Peekaboo,20,6.6727,6.6727,0.0,5242880,5242880,True,True
degrade,4,Peekaboo,21,7.1357,7.1356,-0.0001,5242880,5242880,True,True
degrade,4,Peekaboo,22,6.7844,6.7844,0.0,5242880,5242880,True,True
degrade,4,Peekaboo,23,7.4646,7.4062,-0.0584,5242880,5242880,True,True
degrade,4,Peekaboo,24,6.7671,6.7671,0.0,5242880,5242880,True,True
degrade,4,Peekaboo,25,7.1228,7.1248,0.002,5242880,5242880,True,True
degrade,4,Peekaboo,26,6.7694,6.7700,0.0006,5242880,5242880,True,True
degrade,4,Peekaboo,27,7.2969,7.2969,0.0,5242880,5242880,True,True
degrade,4,Peekaboo,28,7.0503,10.8214,3.7711,5242880,5242880,True,True
degrade,4,Peekaboo,29,6.8478,6.8477,-0.0001,5242880,5242880,True,True
degrade,4,Peekaboo,30,6.8879,6.8879,0.0,5242880,5242880,True,True
degrade,5,EAT(new),1,6.0890,6.0890,0.0,5242880,5242880,True,True
degrade,5,EAT(new),2,6.0125,6.0125,0.0,5242880,5242880,True,True
degrade,5,EAT(new),3,6.7931,6.0627,-0.7304,5242880,5242880,True,True
degrade,5,EAT(new),4,6.0501,6.0501,0.0,5242880,5242880,True,True
degrade,5,EAT(new),5,6.0370,6.0370,0.0,5242880,5242880,True,True
degrade,5,EAT(new),6,6.0629,6.0505,-0.0124,5242880,5242880,True,True
degrade,5,EAT(new),7,5.9870,5.9870,0.0,5242880,5242880,True,True
degrade,5,EAT(new),8,6.0764,6.0764,0.0,5242880,5242880,True,True
degrade,5,EAT(new),9,7.5368,5.9574,-1.5794,5242880,5242880,True,True
degrade,5,EAT(new),10,6.0637,6.0508,-0.0129,5242880,5242880,True,True
degrade,5,EAT(new),11,6.0764,6.0764,0.0,5242880,5242880,True,True
degrade,5,EAT(new),12,6.0629,6.0629,0.0,5242880,5242880,True,True
degrade,5,EAT(new),13,6.0641,6.0374,-0.0267,5242880,5242880,True,True
degrade,5,EAT(new),14,6.0758,5.8876,-0.1882,5242880,5242880,True,True
degrade,5,EAT(new),15,6.0764,6.0765,0.0001,5242880,5242880,True,True
degrade,5,EAT(new),16,6.1013,6.1013,0.0,5242880,5242880,True,True
degrade,5,EAT(new),17,6.0245,6.0245,0.0,5242880,5242880,True,True
degrade,5,EAT(new),18,6.1268,6.6809,0.5541,5242880,5242880,True,True
degrade,5,EAT(new),19,6.0256,6.0256,0.0,5242880,5242880,True,True
degrade,5,EAT(new),20,5.9749,5.9749,0.0,5242880,5242880,True,True
degrade,5,EAT(new),21,5.9419,5.9301,-0.0118,5242880,5242880,True,True
degrade,5,EAT(new),22,6.0266,6.0266,0.0,5242880,5242880,True,True
degrade,5,EAT(new),23,6.0754,6.0754,0.0,5242880,5242880,True,True
degrade,5,EAT(new),24,6.0258,6.0259,0.0001,5242880,5242880,True,True
degrade,5,EAT(new),25,6.7562,6.0381,-0.7181,5242880,5242880,True,True
degrade,5,EAT(new),26,6.0377,6.0505,0.0128,5242880,5242880,True,True
degrade,5,EAT(new),27,6.0121,6.0121,0.0,5242880,5242880,True,True
degrade,5,EAT(new),28,6.0251,6.0251,0.0,5242880,5242880,True,True
degrade,5,EAT(new),29,6.0638,6.0638,0.0,5242880,5242880,True,True
degrade,5,EAT(new),30,6.0626,6.0626,0.0,5242880,5242880,True,True
degrade,6,MinRTT-multi(new),1,6.3900,6.3900,0.0,5242880,5242880,True,True
degrade,6,MinRTT-multi(new),2,6.2895,6.2894,-0.0001,5242880,5242880,True,True
degrade,6,MinRTT-multi(new),3,6.3146,6.9831,0.6685,5242880,5242880,True,True
degrade,6,MinRTT-multi(new),4,6.3775,6.3775,0.0,5242880,5242880,True,True
degrade,6,MinRTT-multi(new),5,6.3140,6.3140,0.0,5242880,5242880,True,True
degrade,6,MinRTT-multi(new),6,6.3652,6.3652,0.0,5242880,5242880,True,True
degrade,6,MinRTT-multi(new),7,6.2892,6.2892,0.0,5242880,5242880,True,True
degrade,6,MinRTT-multi(new),8,6.3787,6.3787,0.0,5242880,5242880,True,True
degrade,6,MinRTT-multi(new),9,6.2902,6.0329,-0.2573,5242880,5242880,True,True
degrade,6,MinRTT-multi(new),10,6.2775,6.2775,0.0,5242880,5242880,True,True
degrade,6,MinRTT-multi(new),11,6.3787,6.3787,0.0,5242880,5242880,True,True
degrade,6,MinRTT-multi(new),12,6.3149,6.3149,0.0,5242880,5242880,True,True
degrade,6,MinRTT-multi(new),13,6.3535,6.3535,0.0,5242880,5242880,True,True
degrade,6,MinRTT-multi(new),14,6.3025,6.0330,-0.2695,5242880,5242880,True,True
degrade,6,MinRTT-multi(new),15,6.3535,7.1090,0.7555,5242880,5242880,True,True
degrade,6,MinRTT-multi(new),16,6.3783,6.3784,0.0001,5242880,5242880,True,True
degrade,6,MinRTT-multi(new),17,6.3148,6.3148,0.0,5240806,5240806,False,False
degrade,6,MinRTT-multi(new),18,6.4291,6.4286,-0.0005,5242880,5242880,True,True
degrade,6,MinRTT-multi(new),19,6.3015,6.3015,0.0,5242880,5242880,True,True
degrade,6,MinRTT-multi(new),20,6.2891,6.2891,0.0,5242880,5242880,True,True
degrade,6,MinRTT-multi(new),21,6.1068,6.1083,0.0015,5240806,5242880,False,True
degrade,6,MinRTT-multi(new),22,6.3274,6.3145,-0.0129,5240806,5240806,False,False
degrade,6,MinRTT-multi(new),23,6.3535,6.3535,0.0,5242880,5242880,True,True
degrade,6,MinRTT-multi(new),24,6.2778,6.2778,0.0,5242880,5242880,True,True
degrade,6,MinRTT-multi(new),25,6.3775,6.3775,0.0,5242880,5242880,True,True
degrade,6,MinRTT-multi(new),26,6.3529,6.3529,0.0,5242880,5242880,True,True
degrade,6,MinRTT-multi(new),27,6.2892,6.2892,0.0,5242880,5242880,True,True
degrade,6,MinRTT-multi(new),28,6.3272,6.3272,0.0,5242880,5242880,True,True
degrade,6,MinRTT-multi(new),29,6.3525,6.3525,0.0,5242880,5242880,True,True
degrade,6,MinRTT-multi(new),30,6.3397,6.3397,0.0,5242880,5242880,True,True
