scenario,scheduler_id,scheduler,total_runs,original_done,fixed_done,original_exact_full,fixed_exact_full,common_completed_seeds,original_common_mean_fct_s,fixed_common_mean_fct_s,paired_mean_delta_s,paired_mean_delta_ci95_lower_s,paired_mean_delta_ci95_upper_s,wilcoxon_two_sided_p,faster_seeds,same_seeds,slower_seeds,max_increase_s,max_increase_seed,wilcoxon_method
dominating,0,RR,30,30,30,30,30,30,3.2736166666666673,3.275596666666667,0.0019800000000000004,-0.0028041271735172227,0.006764127173517223,0.677001953125,6,17,7,0.0695,3,exact sign permutation; zero differences omitted; average ranks for ties
dominating,1,MinRTT,30,30,30,29,30,30,4.081576666666667,4.092273333333334,0.010696666666666665,-0.02096892606581148,0.042362259399144814,0.375732421875,6,17,7,0.1616,4,exact sign permutation; zero differences omitted; average ranks for ties
dominating,2,BLEST,30,26,30,26,30,26,4.380761538461538,4.386919230769231,0.006157692307692308,-0.01018735682724672,0.022502741442631338,0.55859375,7,16,3,0.1477,1,exact sign permutation; zero differences omitted; average ranks for ties
dominating,3,ECF,30,28,30,28,30,28,4.140210714285715,4.165064285714286,0.02485357142857143,-0.04518255004371091,0.09488969290085378,0.7608642578125,6,14,8,0.6472,12,exact sign permutation; zero differences omitted; average ranks for ties
dominating,4,Peekaboo,30,30,30,30,30,30,4.090213333333334,4.096760000000001,0.006546666666666668,-0.028823181018525143,0.041916514351858475,0.5015869140625,6,16,8,0.1616,4,exact sign permutation; zero differences omitted; average ranks for ties
dominating,5,EAT(new),30,30,30,30,30,30,3.2647733333333333,3.265023333333333,0.0002499999999999993,-0.015958587483853242,0.016458587483853242,0.704833984375,8,14,8,0.134,28,exact sign permutation; zero differences omitted; average ranks for ties
dominating,6,MinRTT-multi(new),30,30,30,30,30,30,3.267843333333334,3.278056666666667,0.010213333333333333,-0.0009189677975512383,0.021345634464217902,0.13899993896484375,8,8,14,0.1233,28,exact sign permutation; zero differences omitted; average ranks for ties
competing,0,RR,30,13,30,11,30,13,3.4811846153846155,3.595538461538462,0.11435384615384615,-0.030971071634328703,0.259678763942021,0.328125,3,6,4,0.6465,30,exact sign permutation; zero differences omitted; average ranks for ties
competing,1,MinRTT,30,29,30,24,29,29,6.595910344827586,6.8522655172413796,0.25635517241379313,-0.05934537850087007,0.5720557233284563,0.04827880859375,5,11,13,4.1094,30,exact sign permutation; zero differences omitted; average ranks for ties
competing,2,BLEST,30,26,30,22,29,26,6.766592307692308,7.296507692307691,0.5299153846153846,0.07040284153632381,0.9894279276944453,0.0174560546875,4,12,10,4.1094,30,exact sign permutation; zero differences omitted; average ranks for ties
competing,3,ECF,30,30,30,24,29,30,6.193996666666667,6.196646666666666,0.0026500000000000004,-0.054131033486009825,0.059431033486009824,0.93988037109375,9,14,7,0.5352,20,exact sign permutation; zero differences omitted; average ranks for ties
competing,4,Peekaboo,30,30,30,26,30,30,6.896893333333334,7.135976666666666,0.23908333333333331,-0.07079944517654835,0.548966111843215,0.07171630859375,4,14,12,4.1094,30,exact sign permutation; zero differences omitted; average ranks for ties
competing,5,EAT(new),30,13,30,10,30,13,3.426861538461539,3.717315384615384,0.2904538461538462,0.11744893143549984,0.4634587608721925,0.009765625,1,3,9,0.667,27,exact sign permutation; zero differences omitted; average ranks for ties
competing,6,MinRTT-multi(new),30,13,30,11,30,13,3.41853076923077,3.722038461538462,0.30350769230769237,0.13464539006681622,0.47236999454856854,0.01220703125,3,1,9,0.6726,27,exact sign permutation; zero differences omitted; average ranks for ties
degrade,0,RR,30,30,30,26,27,30,6.391310000000001,6.415703333333332,0.024393333333333333,-0.02899006946245312,0.07777673612911978,0.4375,5,23,2,0.781,3,exact sign permutation; zero differences omitted; average ranks for ties
degrade,1,MinRTT,30,30,30,29,29,30,6.997949999999999,6.955613333333332,-0.042336666666666675,-0.23159897874770635,0.14692564541437303,0.7982521057128906,8,11,11,1.3397,9,exact sign permutation; zero differences omitted; average ranks for ties
degrade,2,BLEST,30,30,30,30,30,30,7.423763333333333,7.50883,0.08506666666666665,-0.06721229518993133,0.23734562852326463,0.9525747895240784,16,5,9,2.2032,9,exact sign permutation; zero differences omitted; average ranks for ties
degrade,3,ECF,30,30,30,30,30,30,6.889649999999999,6.86646,-0.023190000000000002,-0.0957824714037158,0.0494024714037158,0.963226318359375,8,13,9,0.2654,8,exact sign permutation; zero differences omitted; average ranks for ties
degrade,4,Peekaboo,30,30,30,30,30,30,7.1695866666666666,7.21285,0.04326333333333332,-0.26373588557462363,0.35026255224129027,0.8985214233398438,9,12,9,3.7711,28,exact sign permutation; zero differences omitted; average ranks for ties
degrade,5,EAT(new),30,30,30,30,30,30,6.1448133333333335,6.054386666666668,-0.09042666666666667,-0.2227572134204302,0.04190388008709685,0.08837890625,8,18,4,0.5541,18,exact sign permutation; zero differences omitted; average ranks for ties
degrade,6,MinRTT-multi(new),30,30,30,27,28,30,6.3268933333333335,6.356403333333333,0.029509999999999998,-0.044217124271139954,0.10323712427113994,1.0,5,21,4,0.7555,15,exact sign permutation; zero differences omitted; average ranks for ties
