scenario,scheduler,runs,completed,completion_pct,reference_completed,fct_mean,reference_fct_mean,fct_diff_pct,fct_median,fct_p90,fct95_mean_completed,fct95_mean_all,share_p1
competing,RR,10,6,60,6,3.4533166666666664,3.4533166666666664,0.0,3.4324500000000002,3.53345,3.2823999999999995,3.36327,0.6047690568377494
competing,MinRTT,10,10,100,10,5.780589999999999,5.780589999999999,0.0,6.08095,7.17275,5.4272,5.4272,0.4634080311808968
competing,BLEST,10,9,90,9,5.9052333333333324,5.9052333333333324,0.0,6.4103,7.1949,5.5290333333333335,5.36347,0.4506554852485975
competing,ECF,10,10,100,10,5.768079999999999,5.768079999999999,0.0,6.11065,7.06091,5.437080000000001,5.43708,0.44023489323717613
competing,Peekaboo,10,10,100,10,6.16794,6.16794,0.0,6.3346,7.67729,5.79245,5.7924500000000005,0.39552930265143055
competing,MinRTT-multi(new),10,4,40,4,3.425775,3.425775,0.0,3.4419,3.4501,3.259875,3.3408800000000003,0.6074700752050014
competing,EAT(new),10,4,40,4,3.429925,3.429925,0.0,3.43415,3.46021,3.2687500000000003,3.34443,0.6070807320989262
degrade,RR,10,10,100,10,6.4315,6.4315,0.0,6.34585,6.488499999999999,6.07006,6.07006,0.378156487746333
degrade,MinRTT,10,10,100,10,7.161059999999999,7.161059999999999,0.0,6.981450000000001,7.524189999999999,6.798730000000001,6.79873,0.28362688951225434
degrade,BLEST,10,10,100,10,7.37201,7.37201,0.0,7.2429,7.65161,6.94469,6.94469,0.2686364927221391
degrade,ECF,10,10,100,10,6.840000000000001,6.840000000000001,0.0,6.7723,7.35399,6.424080000000001,6.42408,0.28252256037631984
degrade,Peekaboo,10,10,100,10,7.3337,7.3337,0.0,7.2134,7.573569999999999,6.897909999999999,6.8979099999999995,0.2559274362179115
degrade,MinRTT-multi(new),10,10,100,10,6.32864,6.32864,0.0,6.3143,6.37983,5.969780000000001,5.96978,0.37735474221457055
degrade,EAT(new),10,10,100,10,6.27085,6.27085,0.0,6.0633,6.86747,6.17629,6.17629,0.37609633114672236
dominating,RR,10,10,100,10,3.27331,3.27331,0.0,3.27545,3.29082,3.1332700000000004,3.13327,0.6740379194681584
dominating,MinRTT,10,10,100,10,4.16323,4.16323,0.0,4.21345,4.33005,4.0136400000000005,4.01364,0.8372183035632229
dominating,BLEST,10,9,90,9,4.357888888888889,4.357888888888889,0.0,4.3233,4.47712,4.145877777777779,9.73129,0.8964769546988955
dominating,ECF,10,9,90,9,4.060700000000001,4.060700000000001,0.0,4.1307,4.35476,3.8594222222222223,9.47348,0.8294157573039926
dominating,Peekaboo,10,10,100,10,4.14263,4.14263,0.0,4.14935,4.32264,3.9927800000000007,3.9927799999999998,0.8315901421993537
dominating,MinRTT-multi(new),10,10,100,10,3.2666899999999996,3.2666899999999996,0.0,3.2678000000000003,3.28236,3.12591,3.12591,0.6742530969347451
dominating,EAT(new),10,10,100,10,3.26849,3.26849,0.0,3.26065,3.284,3.13543,3.13543,0.6806590212145176
