scenario,scheduler,name,seed,size,fct_s,fct95_s,rx_app,rx_p0,rx_p1,delay_p0_ms,delay_p1_ms,done,wall_s
dominating,2,BLEST,6,5242880,60.0000,60.0000,1551050,529154,5109316,88.0014,63.7570,0,0.5
dominating,3,ECF,9,5242880,60.0000,60.0000,1936634,883007,4743347,153.2425,60.4617,0,0.5
competing,0,RR,5,5242880,60.0000,3.3215,5211976,2178320,3374422,150.7651,108.5362,0,0.3
competing,0,RR,6,5242880,60.0000,3.8330,5219776,2551503,3001794,81.4914,120.6043,0,0.3
competing,0,RR,7,5242880,60.0000,3.4190,5236972,2321063,3232689,148.0673,116.9567,0,0.3
competing,0,RR,8,5242880,60.0000,3.3648,5238144,2271464,3280038,87.3773,115.2310,0,0.3
competing,2,BLEST,7,5242880,60.0000,3.8734,5235661,1838172,3715638,282.9940,120.8873,0,0.4
competing,5,EAT(new),2,5242880,60.0000,3.3054,5237104,2230649,3320261,89.9980,166.3741,0,0.3
competing,5,EAT(new),5,5242880,60.0000,3.2744,5213998,2159180,3396268,87.1752,109.0619,0,0.3
competing,5,EAT(new),6,5242880,60.0000,3.5976,5220897,2369344,3182315,150.6710,158.8318,0,0.3
competing,5,EAT(new),7,5242880,60.0000,3.3963,5209668,2308935,3243872,78.3586,116.0338,0,0.3
competing,5,EAT(new),8,5242880,60.0000,3.3915,5235400,2272330,3278614,151.2600,112.0141,0,0.3
competing,5,EAT(new),10,5242880,60.0000,3.4041,5219774,2294748,3259636,81.5317,108.9351,0,0.4
competing,6,MinRTT-multi(new),2,5242880,60.0000,3.3054,5237104,2219953,3330896,90.1676,166.0564,0,0.3
competing,6,MinRTT-multi(new),5,5242880,60.0000,3.2744,5213368,2146876,3408421,87.3545,108.9153,0,0.3
competing,6,MinRTT-multi(new),6,5242880,60.0000,3.5976,5219777,2374670,3177055,150.5885,159.0061,0,0.3
competing,6,MinRTT-multi(new),7,5242880,60.0000,3.3963,5209038,2299113,3253753,78.4165,115.8289,0,0.3
competing,6,MinRTT-multi(new),8,5242880,60.0000,3.3915,5235660,2280803,3270249,151.0745,112.1803,0,0.3
competing,6,MinRTT-multi(new),10,5242880,60.0000,3.4041,5218462,2285660,3268752,81.5918,108.7977,0,0.3
