case,scheduler,seed,size,rate_min_mbps,rate_max_mbps,delay_min_ms,delay_max_ms,fct_threshold_s,fct_full_s,rx_app,first_rx_s,fct95_s,fct_5000000_s,mean_scheduled_rate_mbps,full_receive,in_gate_range,wall_s
baseline-fixed,4,1,5242880,5,5,50,50,9.452427366,9.456032406,5242880,0.159016082,9.005120166,9.039891366,5.0,True,False,0.39
baseline-fixed,4,2,5242880,5,5,50,50,9.452427366,9.456032406,5242880,0.159016082,9.005120166,9.039891366,5.0,True,False,0.331
baseline-fixed,4,3,5242880,5,5,50,50,9.452427366,9.456032406,5242880,0.159016082,9.005120166,9.039891366,5.0,True,False,0.334
scheduler-RR-only,0,1,5242880,5,5,50,50,9.452427366,9.456032406,5242880,0.159016082,9.005120166,9.039891366,5.0,True,False,0.331
scheduler-RR-only,0,2,5242880,5,5,50,50,9.452427366,9.456032406,5242880,0.159016082,9.005120166,9.039891366,5.0,True,False,0.33
scheduler-RR-only,0,3,5242880,5,5,50,50,9.452427366,9.456032406,5242880,0.159016082,9.005120166,9.039891366,5.0,True,False,0.326
rate-5-6-only,0,1,5242880,5,6,50,50,8.702433885,8.705579785,5242880,0.157827265,8.286053531,8.319465,5.465306943181818,True,True,0.333
rate-5-6-only,0,2,5242880,5,6,50,50,8.665422436,8.668567845,5242880,0.158086984,8.266395259,8.298372024,5.488910034482759,True,True,0.328
rate-5-6-only,0,3,5242880,5,6,50,50,8.642842715,8.645897026,5242880,0.158367881,8.246095038,8.276867398,5.491984701149425,True,True,0.335
rate-5-6-only,0,4,5242880,5,6,50,50,8.65705772,8.660379644,5242880,0.158310417,8.246159596,8.275789072,5.49505916091954,True,True,0.325
rate-5-6-only,0,5,5242880,5,6,50,50,8.681208865,8.684626524,5242880,0.158598287,8.254360936,8.288609382,5.463651137931035,True,True,0.331
rate-5-6-only,0,6,5242880,5,6,50,50,8.636114437,8.639239779,5242880,0.158909749,8.230274628,8.263240642,5.489713954022989,True,True,0.331
rate-5-6-only,0,7,5242880,5,6,50,50,8.572971726,8.576643375,5242880,0.157761456,8.178526483,8.210351553,5.557119244186047,True,True,0.331
rate-5-6-only,0,8,5242880,5,6,50,50,8.684023823,8.68719165,5242880,0.158013879,8.269689264,8.299956255,5.484369137931035,True,True,0.33
rate-5-6-only,0,9,5242880,5,6,50,50,8.587930097,8.591129779,5242880,0.158286219,8.196676156,8.22623295,5.54353838372093,True,True,0.332
rate-5-6-only,0,10,5242880,5,6,50,50,8.669757507,8.673099572,5242880,0.158581243,8.261997871,8.295663571,5.479023908045978,True,True,0.327
delay-50-55-only,0,1,5242880,5,5,50,55,9.467817766,9.471510806,5242880,0.161016082,9.021606566,9.056366486,5.0,True,False,0.331
delay-50-55-only,0,2,5242880,5,5,50,55,9.475916966,9.479610006,5242880,0.166016082,9.029705766,9.063468966,5.0,True,False,0.324
delay-50-55-only,0,3,5242880,5,5,50,55,9.467971366,9.471568406,5242880,0.160016082,9.021664166,9.054427366,5.0,True,False,0.318
upstream-exact,0,1,5242800,5,6,50,55,8.716982422,8.720002418,5242800,0.159827265,8.300964099,8.334275911,5.465306943181818,True,True,0.333
upstream-exact,0,2,5242800,5,6,50,55,8.681127087,8.684143494,5242800,0.165086984,8.284762098,8.316834527,5.488910034482759,True,True,0.327
upstream-exact,0,3,5242800,5,6,50,55,8.670943561,8.674136218,5242800,0.159367881,8.274402566,8.305154289,5.491984701149425,True,True,0.336
upstream-exact,0,4,5242800,5,6,50,55,8.677502656,8.680777662,5242800,0.162310417,8.267992003,8.297677685,5.49505916091954,True,True,0.322
upstream-exact,0,5,5242800,5,6,50,55,8.711749062,8.715027376,5242800,0.167598287,8.281755808,8.315909538,5.462888579545454,True,True,0.324
upstream-exact,0,6,5242800,5,6,50,55,8.654149499,8.657683411,5242800,0.161909749,8.249847577,8.281653991,5.489713954022989,True,True,0.323
upstream-exact,0,7,5242800,5,6,50,55,8.607428893,8.610859721,5242800,0.163761456,8.209335629,8.241160699,5.5617539080459775,True,True,0.326
upstream-exact,0,8,5242800,5,6,50,55,8.704280774,8.707239295,5242800,0.164013879,8.291093562,8.321367518,5.483802147727272,True,True,0.337
upstream-exact,0,9,5242800,5,6,50,55,8.601809906,8.604878524,5242800,0.158286219,8.207862161,8.237500176,5.544914827586207,True,True,0.339
upstream-exact,0,10,5242800,5,6,50,55,8.696330155,8.699452015,5242800,0.163581243,8.287027662,8.320693362,5.479023908045978,True,True,0.338
reference-full-size,0,1,5242880,5,6,50,55,8.716982422,8.720128322,5242880,0.159827265,8.300964099,8.334275911,5.465306943181818,True,True,0.403
reference-full-size,0,2,5242880,5,6,50,55,8.681127087,8.684272496,5242880,0.165086984,8.284762098,8.316834527,5.488910034482759,True,True,0.34
reference-full-size,0,3,5242880,5,6,50,55,8.670943561,8.674268483,5242880,0.159367881,8.274402566,8.305154289,5.491984701149425,True,True,0.339
reference-full-size,0,4,5242880,5,6,50,55,8.677502656,8.680913371,5242880,0.162310417,8.267992003,8.297677685,5.49505916091954,True,True,0.329
reference-full-size,0,5,5242880,5,6,50,55,8.711749062,8.715166721,5242880,0.167598287,8.281755808,8.315909538,5.462888579545454,True,True,0.326
reference-full-size,0,6,5242880,5,6,50,55,8.654149499,8.657826605,5242880,0.161909749,8.249847577,8.281653991,5.489713954022989,True,True,0.327
reference-full-size,0,7,5242880,5,6,50,55,8.607428893,8.611005089,5242880,0.163761456,8.209335629,8.241160699,5.5617539080459775,True,True,0.329
reference-full-size,0,8,5242880,5,6,50,55,8.704280774,8.707366011,5242880,0.164013879,8.291093562,8.321367518,5.483802147727272,True,True,0.329
reference-full-size,0,9,5242880,5,6,50,55,8.601809906,8.605009588,5242880,0.158286219,8.207862161,8.237500176,5.544914827586207,True,True,0.337
reference-full-size,0,10,5242880,5,6,50,55,8.696330155,8.699585181,5242880,0.163581243,8.287027662,8.320693362,5.479023908045978,True,True,0.324
