scenario,scheduler,name,runs,completed,completion_rate,full_received,incomplete,reached_95pct,mean_fct_completed_s,mean_fct95_all_reached_s,incomplete_seeds
dominating,0,RR,30,30,1,30,0,30,3.273616667,3.132093333,
dominating,1,MinRTT,30,30,1,29,0,30,4.081576667,3.905303333,
dominating,2,BLEST,30,26,0.8666666667,26,4,26,4.380761538,4.166946154,"6,14,18,22"
dominating,3,ECF,30,28,0.9333333333,28,2,28,4.140210714,3.933885714,"9,16"
dominating,4,Peekaboo,30,30,1,30,0,30,4.090213333,3.91556,
dominating,6,MinRTT-multi(new),30,30,1,30,0,30,3.267843333,3.12613,
dominating,5,EAT(new),30,30,1,30,0,30,3.264773333,3.137036667,
competing,0,RR,30,13,0.4333333333,11,17,30,3.481184615,3.402206667,"5,6,7,8,11,12,13,14,15,16,17,18,19,21,23,26,28"
competing,1,MinRTT,30,29,0.9666666667,24,1,30,6.595910345,6.186563333,23
competing,2,BLEST,30,26,0.8666666667,22,4,28,6.766592308,6.237532143,"7,12,14,20"
competing,3,ECF,30,30,1,24,0,30,6.193996667,5.82963,
competing,4,Peekaboo,30,30,1,26,0,30,6.896893333,6.496576667,
competing,6,MinRTT-multi(new),30,13,0.4333333333,11,17,30,3.418530769,3.36558,"2,5,6,7,8,10,11,12,15,16,17,18,19,21,22,23,26"
competing,5,EAT(new),30,13,0.4333333333,10,17,30,3.426861538,3.369976667,"2,5,6,7,8,10,11,12,15,16,17,18,19,21,22,23,26"
degrade,0,RR,30,30,1,26,0,30,6.39131,6.03331,
degrade,1,MinRTT,30,30,1,29,0,30,6.99795,6.595816667,
degrade,2,BLEST,30,30,1,30,0,30,7.423763333,6.99661,
degrade,3,ECF,30,30,1,30,0,30,6.88965,6.493806667,
degrade,4,Peekaboo,30,30,1,30,0,30,7.169586667,6.740733333,
degrade,6,MinRTT-multi(new),30,30,1,27,0,30,6.326893333,5.96884,
degrade,5,EAT(new),30,30,1,30,0,30,6.144813333,6.05997,
