scenario,scheduler,name,baseline,runs_each,completed,baseline_completed,both_completed,both_full_received,only_scheduler_completed,only_baseline_completed,neither_completed,common_completed_seeds
dominating,0,RR,MinRTT-multi(new),30,30,30,30,30,0,0,0,"1,2,3,4,5,6,7,8,9,10,11,12,13,14,15,16,17,18,19,20,21,22,23,24,25,26,27,28,29,30"
dominating,1,MinRTT,MinRTT-multi(new),30,30,30,30,29,0,0,0,"1,2,3,4,5,6,7,8,9,10,11,12,13,14,15,16,17,18,19,20,21,22,23,24,25,26,27,28,29,30"
dominating,2,BLEST,MinRTT-multi(new),30,26,30,26,26,0,4,0,"1,2,3,4,5,7,8,9,10,11,12,13,15,16,17,19,20,21,23,24,25,26,27,28,29,30"
dominating,3,ECF,MinRTT-multi(new),30,28,30,28,28,0,2,0,"1,2,3,4,5,6,7,8,10,11,12,13,14,15,17,18,19,20,21,22,23,24,25,26,27,28,29,30"
dominating,4,Peekaboo,MinRTT-multi(new),30,30,30,30,30,0,0,0,"1,2,3,4,5,6,7,8,9,10,11,12,13,14,15,16,17,18,19,20,21,22,23,24,25,26,27,28,29,30"
dominating,5,EAT(new),MinRTT-multi(new),30,30,30,30,30,0,0,0,"1,2,3,4,5,6,7,8,9,10,11,12,13,14,15,16,17,18,19,20,21,22,23,24,25,26,27,28,29,30"
competing,0,RR,MinRTT-multi(new),30,13,13,10,8,3,3,14,"1,3,4,9,20,24,25,27,29,30"
competing,1,MinRTT,MinRTT-multi(new),30,29,13,13,9,16,0,1,"1,3,4,9,13,14,20,24,25,27,28,29,30"
competing,2,BLEST,MinRTT-multi(new),30,26,13,11,9,15,2,2,"1,3,4,9,13,24,25,27,28,29,30"
competing,3,ECF,MinRTT-multi(new),30,30,13,13,11,17,0,0,"1,3,4,9,13,14,20,24,25,27,28,29,30"
competing,4,Peekaboo,MinRTT-multi(new),30,30,13,13,9,17,0,0,"1,3,4,9,13,14,20,24,25,27,28,29,30"
competing,5,EAT(new),MinRTT-multi(new),30,13,13,13,10,0,0,17,"1,3,4,9,13,14,20,24,25,27,28,29,30"
degrade,0,RR,MinRTT-multi(new),30,30,30,30,23,0,0,0,"1,2,3,4,5,6,7,8,9,10,11,12,13,14,15,16,17,18,19,20,21,22,23,24,25,26,27,28,29,30"
degrade,1,MinRTT,MinRTT-multi(new),30,30,30,30,26,0,0,0,"1,2,3,4,5,6,7,8,9,10,11,12,13,14,15,16,17,18,19,20,21,22,23,24,25,26,27,28,29,30"
degrade,2,BLEST,MinRTT-multi(new),30,30,30,30,27,0,0,0,"1,2,3,4,5,6,7,8,9,10,11,12,13,14,15,16,17,18,19,20,21,22,23,24,25,26,27,28,29,30"
degrade,3,ECF,MinRTT-multi(new),30,30,30,30,27,0,0,0,"1,2,3,4,5,6,7,8,9,10,11,12,13,14,15,16,17,18,19,20,21,22,23,24,25,26,27,28,29,30"
degrade,4,Peekaboo,MinRTT-multi(new),30,30,30,30,27,0,0,0,"1,2,3,4,5,6,7,8,9,10,11,12,13,14,15,16,17,18,19,20,21,22,23,24,25,26,27,28,29,30"
degrade,5,EAT(new),MinRTT-multi(new),30,30,30,30,27,0,0,0,"1,2,3,4,5,6,7,8,9,10,11,12,13,14,15,16,17,18,19,20,21,22,23,24,25,26,27,28,29,30"
