scenario,scheduler,name,original_done,original_full,fixed_done,fixed_full
competing,0,RR,13,11,30,30
competing,1,MinRTT,29,24,30,29
competing,2,BLEST,26,22,30,29
competing,3,ECF,30,24,30,29
competing,4,Peekaboo,30,26,30,30
competing,5,EAT,13,10,30,30
competing,6,MinRTT-multi,13,11,30,30
degrade,0,RR,30,26,30,27
degrade,1,MinRTT,30,29,30,29
degrade,2,BLEST,30,30,30,30
degrade,3,ECF,30,30,30,30
degrade,4,Peekaboo,30,30,30,30
degrade,5,EAT,30,30,30,30
degrade,6,MinRTT-multi,30,27,30,28
dominating,0,RR,30,30,30,30
dominating,1,MinRTT,30,29,30,30
dominating,2,BLEST,26,26,30,30
dominating,3,ECF,28,28,30,30
dominating,4,Peekaboo,30,30,30,30
dominating,5,EAT,30,30,30,30
dominating,6,MinRTT-multi,30,30,30,30
