scenario,scheduler_a,name_a,scheduler_b,name_b,runs_each,completed_a,completed_b,paired_completed,a_only,b_only,neither,mean_diff_a_minus_b_s,ci95_low_s,ci95_high_s,ci95_width_s,a_faster,b_faster,ties,wilcoxon_statistic,wilcoxon_p,nonzero_pairs,paired_seeds,wilcoxon_p_holm_scenario
dominating,0,RR,1,MinRTT,30,30,30,30,0,0,0,-0.8166766666666667,-0.9052053867183236,-0.7281479466150098,0.17705744010331378,30,0,0,0.0,1.862645149230957e-09,30,"1,2,3,4,5,6,7,8,9,10,11,12,13,14,15,16,17,18,19,20,21,22,23,24,25,26,27,28,29,30",3.91155481338501e-08
dominating,0,RR,2,BLEST,30,30,30,30,0,0,0,-1.1075133333333333,-1.1472622836672723,-1.0677643829993944,0.07949790066787786,30,0,0,0.0,1.862645149230957e-09,30,"1,2,3,4,5,6,7,8,9,10,11,12,13,14,15,16,17,18,19,20,21,22,23,24,25,26,27,28,29,30",3.91155481338501e-08
dominating,0,RR,3,ECF,30,30,30,30,0,0,0,-0.87558,-0.9615723223506455,-0.7895876776493546,0.171984644701291,30,0,0,0.0,1.862645149230957e-09,30,"1,2,3,4,5,6,7,8,9,10,11,12,13,14,15,16,17,18,19,20,21,22,23,24,25,26,27,28,29,30",3.91155481338501e-08
dominating,0,RR,4,Peekaboo,30,30,30,30,0,0,0,-0.8211633333333332,-0.910932843131674,-0.7313938235349925,0.17953901959668156,30,0,0,0.0,1.862645149230957e-09,30,"1,2,3,4,5,6,7,8,9,10,11,12,13,14,15,16,17,18,19,20,21,22,23,24,25,26,27,28,29,30",3.91155481338501e-08
dominating,0,RR,6,MinRTT-multi(new),30,30,30,30,0,0,0,-0.00246,-0.015156019209704823,0.010236019209704822,0.025392038419409645,11,18,1,202.0,0.7493221610784531,29,"1,2,3,4,5,6,7,8,9,10,11,12,13,14,15,16,17,18,19,20,21,22,23,24,25,26,27,28,29,30",0.7493221610784531
dominating,0,RR,5,EAT(new),30,30,30,30,0,0,0,0.010573333333333334,-0.0033536020132647944,0.024500268679931464,0.027853870693196257,5,24,1,80.0,0.002152439206838608,29,"1,2,3,4,5,6,7,8,9,10,11,12,13,14,15,16,17,18,19,20,21,22,23,24,25,26,27,28,29,30",0.012914635241031647
dominating,1,MinRTT,2,BLEST,30,30,30,30,0,0,0,-0.2908366666666667,-0.3757728139722834,-0.20590051936104997,0.16987229461123343,27,3,0,17.0,3.855675458908081e-07,30,"1,2,3,4,5,6,7,8,9,10,11,12,13,14,15,16,17,18,19,20,21,22,23,24,25,26,27,28,29,30",3.470107913017273e-06
dominating,1,MinRTT,3,ECF,30,30,30,30,0,0,0,-0.058903333333333335,-0.15640141346793796,0.038594746801271285,0.19499616026920924,19,11,0,158.0,0.12935307621955872,30,"1,2,3,4,5,6,7,8,9,10,11,12,13,14,15,16,17,18,19,20,21,22,23,24,25,26,27,28,29,30",0.5174123048782349
dominating,1,MinRTT,4,Peekaboo,30,30,30,30,0,0,0,-0.004486666666666667,-0.02335994754500118,0.014386614211667845,0.037746561756669024,6,1,23,7.0,0.296875,7,"1,2,3,4,5,6,7,8,9,10,11,12,13,14,15,16,17,18,19,20,21,22,23,24,25,26,27,28,29,30",0.59375
dominating,1,MinRTT,6,MinRTT-multi(new),30,30,30,30,0,0,0,0.8142166666666667,0.7253972281138661,0.9030361052194673,0.1776388771056012,0,30,0,0.0,1.862645149230957e-09,30,"1,2,3,4,5,6,7,8,9,10,11,12,13,14,15,16,17,18,19,20,21,22,23,24,25,26,27,28,29,30",3.91155481338501e-08
dominating,1,MinRTT,5,EAT(new),30,30,30,30,0,0,0,0.82725,0.7413639636861631,0.913136036313837,0.17177207262767383,0,30,0,0.0,1.862645149230957e-09,30,"1,2,3,4,5,6,7,8,9,10,11,12,13,14,15,16,17,18,19,20,21,22,23,24,25,26,27,28,29,30",3.91155481338501e-08
dominating,2,BLEST,3,ECF,30,30,30,30,0,0,0,0.2319333333333333,0.15600483531543946,0.30786183135122713,0.1518569960357877,2,28,0,18.0,4.7124922275543213e-07,30,"1,2,3,4,5,6,7,8,9,10,11,12,13,14,15,16,17,18,19,20,21,22,23,24,25,26,27,28,29,30",3.769993782043457e-06
dominating,2,BLEST,4,Peekaboo,30,30,30,30,0,0,0,0.28634999999999994,0.20067839479791816,0.3720216052020817,0.1713432104041636,3,27,0,19.0,5.718320608139038e-07,30,"1,2,3,4,5,6,7,8,9,10,11,12,13,14,15,16,17,18,19,20,21,22,23,24,25,26,27,28,29,30",4.002824425697327e-06
dominating,2,BLEST,6,MinRTT-multi(new),30,30,30,30,0,0,0,1.1050533333333332,1.0672134594417615,1.142893207224905,0.07567974778314346,0,30,0,0.0,1.862645149230957e-09,30,"1,2,3,4,5,6,7,8,9,10,11,12,13,14,15,16,17,18,19,20,21,22,23,24,25,26,27,28,29,30",3.91155481338501e-08
dominating,2,BLEST,5,EAT(new),30,30,30,30,0,0,0,1.1180866666666665,1.081517973374941,1.154655359958392,0.07313738658345095,0,30,0,0.0,1.862645149230957e-09,30,"1,2,3,4,5,6,7,8,9,10,11,12,13,14,15,16,17,18,19,20,21,22,23,24,25,26,27,28,29,30",3.91155481338501e-08
dominating,3,ECF,4,Peekaboo,30,30,30,30,0,0,0,0.05441666666666667,-0.04289062465356497,0.1517239579868983,0.19461458264046327,11,19,0,162.0,0.15188691951334476,30,"1,2,3,4,5,6,7,8,9,10,11,12,13,14,15,16,17,18,19,20,21,22,23,24,25,26,27,28,29,30",0.5174123048782349
dominating,3,ECF,6,MinRTT-multi(new),30,30,30,30,0,0,0,0.8731200000000001,0.7896111599700524,0.9566288400299479,0.16701768005989556,0,30,0,0.0,1.862645149230957e-09,30,"1,2,3,4,5,6,7,8,9,10,11,12,13,14,15,16,17,18,19,20,21,22,23,24,25,26,27,28,29,30",3.91155481338501e-08
dominating,3,ECF,5,EAT(new),30,30,30,30,0,0,0,0.8861533333333333,0.804263442181879,0.9680432244847877,0.16377978230290882,0,30,0,0.0,1.862645149230957e-09,30,"1,2,3,4,5,6,7,8,9,10,11,12,13,14,15,16,17,18,19,20,21,22,23,24,25,26,27,28,29,30",3.91155481338501e-08
dominating,4,Peekaboo,6,MinRTT-multi(new),30,30,30,30,0,0,0,0.8187033333333333,0.728505937134591,0.9089007295320757,0.18039479239748477,0,30,0,0.0,1.862645149230957e-09,30,"1,2,3,4,5,6,7,8,9,10,11,12,13,14,15,16,17,18,19,20,21,22,23,24,25,26,27,28,29,30",3.91155481338501e-08
dominating,4,Peekaboo,5,EAT(new),30,30,30,30,0,0,0,0.8317366666666667,0.7447225207892489,0.9187508125440844,0.17402829175483536,0,30,0,0.0,1.862645149230957e-09,30,"1,2,3,4,5,6,7,8,9,10,11,12,13,14,15,16,17,18,19,20,21,22,23,24,25,26,27,28,29,30",3.91155481338501e-08
dominating,6,MinRTT-multi(new),5,EAT(new),30,30,30,30,0,0,0,0.013033333333333333,7.746207720826272e-05,0.0259892045894584,0.02591174251225014,12,18,0,120.5,0.019931184127926826,30,"1,2,3,4,5,6,7,8,9,10,11,12,13,14,15,16,17,18,19,20,21,22,23,24,25,26,27,28,29,30",0.09965592063963413
competing,0,RR,1,MinRTT,30,30,30,30,0,0,0,-3.1265933333333336,-4.308777954432525,-1.944408712234142,2.364369242198383,30,0,0,0.0,1.862645149230957e-09,30,"1,2,3,4,5,6,7,8,9,10,11,12,13,14,15,16,17,18,19,20,21,22,23,24,25,26,27,28,29,30",3.91155481338501e-08
competing,0,RR,2,BLEST,30,30,30,30,0,0,0,-3.3005433333333327,-4.478666132441799,-2.122420534224866,2.3562455982169332,30,0,0,0.0,1.862645149230957e-09,30,"1,2,3,4,5,6,7,8,9,10,11,12,13,14,15,16,17,18,19,20,21,22,23,24,25,26,27,28,29,30",3.91155481338501e-08
competing,0,RR,3,ECF,30,30,30,30,0,0,0,-2.52488,-2.952204558074455,-2.097555441925545,0.8546491161489103,30,0,0,0.0,1.862645149230957e-09,30,"1,2,3,4,5,6,7,8,9,10,11,12,13,14,15,16,17,18,19,20,21,22,23,24,25,26,27,28,29,30",3.91155481338501e-08
competing,0,RR,4,Peekaboo,30,30,30,30,0,0,0,-3.46421,-4.636454691938962,-2.2919653080610387,2.3444893838779226,30,0,0,0.0,1.862645149230957e-09,30,"1,2,3,4,5,6,7,8,9,10,11,12,13,14,15,16,17,18,19,20,21,22,23,24,25,26,27,28,29,30",3.91155481338501e-08
competing,0,RR,6,MinRTT-multi(new),30,30,30,30,0,0,0,-0.04625666666666665,-0.18798279253829187,0.09546945920495858,0.28345225174325045,14,16,0,218.0,0.7765688337385654,30,"1,2,3,4,5,6,7,8,9,10,11,12,13,14,15,16,17,18,19,20,21,22,23,24,25,26,27,28,29,30",1.0
competing,0,RR,5,EAT(new),30,30,30,30,0,0,0,-0.04652333333333334,-0.1882718805873241,0.09522521392065744,0.28349709450798155,15,15,0,221.0,0.8235769439488649,30,"1,2,3,4,5,6,7,8,9,10,11,12,13,14,15,16,17,18,19,20,21,22,23,24,25,26,27,28,29,30",1.0
competing,1,MinRTT,2,BLEST,30,30,30,30,0,0,0,-0.17395000000000005,-0.49356530231662465,0.14566530231662456,0.6392306046332492,14,7,9,85.0,0.3038158416748047,21,"1,2,3,4,5,6,7,8,9,10,11,12,13,14,15,16,17,18,19,20,21,22,23,24,25,26,27,28,29,30",1.0
competing,1,MinRTT,3,ECF,30,30,30,30,0,0,0,0.6017133333333333,-0.4471159520291592,1.6505426186958259,2.097658570724985,12,18,0,180.0,0.28936620615422726,30,"1,2,3,4,5,6,7,8,9,10,11,12,13,14,15,16,17,18,19,20,21,22,23,24,25,26,27,28,29,30",1.0
competing,1,MinRTT,4,Peekaboo,30,30,30,30,0,0,0,-0.3376166666666666,-0.4906392452550198,-0.18459408807831346,0.30604515717670633,22,1,7,12.0,1.6689300537109375e-05,23,"1,2,3,4,5,6,7,8,9,10,11,12,13,14,15,16,17,18,19,20,21,22,23,24,25,26,27,28,29,30",0.00015020370483398438
competing,1,MinRTT,6,MinRTT-multi(new),30,30,30,30,0,0,0,3.080336666666667,1.8493900664549674,4.311283266878367,2.4618932004233995,0,30,0,0.0,1.862645149230957e-09,30,"1,2,3,4,5,6,7,8,9,10,11,12,13,14,15,16,17,18,19,20,21,22,23,24,25,26,27,28,29,30",3.91155481338501e-08
competing,1,MinRTT,5,EAT(new),30,30,30,30,0,0,0,3.0800700000000005,1.8496299615584106,4.31051003844159,2.46088007688318,0,30,0,0.0,1.862645149230957e-09,30,"1,2,3,4,5,6,7,8,9,10,11,12,13,14,15,16,17,18,19,20,21,22,23,24,25,26,27,28,29,30",3.91155481338501e-08
competing,2,BLEST,3,ECF,30,30,30,30,0,0,0,0.7756633333333334,-0.2833099775411325,1.8346366442077993,2.117946621748932,8,22,0,117.0,0.016431212425231934,30,"1,2,3,4,5,6,7,8,9,10,11,12,13,14,15,16,17,18,19,20,21,22,23,24,25,26,27,28,29,30",0.11501848697662354
competing,2,BLEST,4,Peekaboo,30,30,30,30,0,0,0,-0.16366666666666668,-0.5025964910771099,0.1752631577437765,0.6778596488208863,19,7,4,88.0,0.025350749492645264,26,"1,2,3,4,5,6,7,8,9,10,11,12,13,14,15,16,17,18,19,20,21,22,23,24,25,26,27,28,29,30",0.1441558599472046
competing,2,BLEST,6,MinRTT-multi(new),30,30,30,30,0,0,0,3.254286666666666,2.033050300380377,4.475523032952955,2.442472732572578,0,30,0,0.0,1.862645149230957e-09,30,"1,2,3,4,5,6,7,8,9,10,11,12,13,14,15,16,17,18,19,20,21,22,23,24,25,26,27,28,29,30",3.91155481338501e-08
competing,2,BLEST,5,EAT(new),30,30,30,30,0,0,0,3.2540199999999997,2.0331187657456606,4.474921234254339,2.441802468508678,0,30,0,0.0,1.862645149230957e-09,30,"1,2,3,4,5,6,7,8,9,10,11,12,13,14,15,16,17,18,19,20,21,22,23,24,25,26,27,28,29,30",3.91155481338501e-08
competing,3,ECF,4,Peekaboo,30,30,30,30,0,0,0,-0.9393300000000001,-1.9729082515542036,0.09424825155420324,2.0671565031084067,23,7,0,103.0,0.006639536470174789,30,"1,2,3,4,5,6,7,8,9,10,11,12,13,14,15,16,17,18,19,20,21,22,23,24,25,26,27,28,29,30",0.053116291761398315
competing,3,ECF,6,MinRTT-multi(new),30,30,30,30,0,0,0,2.478623333333333,2.047216899710246,2.9100297669564203,0.8628128672461742,0,30,0,0.0,1.862645149230957e-09,30,"1,2,3,4,5,6,7,8,9,10,11,12,13,14,15,16,17,18,19,20,21,22,23,24,25,26,27,28,29,30",3.91155481338501e-08
competing,3,ECF,5,EAT(new),30,30,30,30,0,0,0,2.478356666666667,2.0446954408695115,2.9120178924638225,0.8673224515943108,0,30,0,0.0,1.862645149230957e-09,30,"1,2,3,4,5,6,7,8,9,10,11,12,13,14,15,16,17,18,19,20,21,22,23,24,25,26,27,28,29,30",3.91155481338501e-08
competing,4,Peekaboo,6,MinRTT-multi(new),30,30,30,30,0,0,0,3.4179533333333327,2.195767993054595,4.64013867361207,2.444370680557475,0,30,0,0.0,1.862645149230957e-09,30,"1,2,3,4,5,6,7,8,9,10,11,12,13,14,15,16,17,18,19,20,21,22,23,24,25,26,27,28,29,30",3.91155481338501e-08
competing,4,Peekaboo,5,EAT(new),30,30,30,30,0,0,0,3.4176866666666665,2.19537258413348,4.640000749199853,2.4446281650663733,0,30,0,0.0,1.862645149230957e-09,30,"1,2,3,4,5,6,7,8,9,10,11,12,13,14,15,16,17,18,19,20,21,22,23,24,25,26,27,28,29,30",3.91155481338501e-08
competing,6,MinRTT-multi(new),5,EAT(new),30,30,30,30,0,0,0,-0.0002666666666666676,-0.011369999934845106,0.010836666601511773,0.02220666653635688,17,9,4,87.5,0.02402597665786743,26,"1,2,3,4,5,6,7,8,9,10,11,12,13,14,15,16,17,18,19,20,21,22,23,24,25,26,27,28,29,30",0.1441558599472046
degrade,0,RR,1,MinRTT,30,30,30,30,0,0,0,-0.53991,-0.7156580440930089,-0.3641619559069911,0.3514960881860179,29,1,0,16.0,3.1478703022003174e-07,30,"1,2,3,4,5,6,7,8,9,10,11,12,13,14,15,16,17,18,19,20,21,22,23,24,25,26,27,28,29,30",2.203509211540222e-06
degrade,0,RR,2,BLEST,30,30,30,30,0,0,0,-1.0931266666666666,-1.3090093247437302,-0.8772440085896029,0.4317653161541273,30,0,0,0.0,1.862645149230957e-09,30,"1,2,3,4,5,6,7,8,9,10,11,12,13,14,15,16,17,18,19,20,21,22,23,24,25,26,27,28,29,30",3.91155481338501e-08
degrade,0,RR,3,ECF,30,30,30,30,0,0,0,-0.45075666666666664,-0.6079094852696956,-0.2936038480636377,0.31430563720605786,26,4,0,34.0,6.917864084243774e-06,30,"1,2,3,4,5,6,7,8,9,10,11,12,13,14,15,16,17,18,19,20,21,22,23,24,25,26,27,28,29,30",4.1507184505462646e-05
degrade,0,RR,4,Peekaboo,30,30,30,30,0,0,0,-0.7971466666666667,-1.0794333994580882,-0.5148599338752451,0.5645734655828432,29,1,0,2.0,5.587935447692871e-09,30,"1,2,3,4,5,6,7,8,9,10,11,12,13,14,15,16,17,18,19,20,21,22,23,24,25,26,27,28,29,30",8.381903171539307e-08
degrade,0,RR,6,MinRTT-multi(new),30,30,30,30,0,0,0,0.05929999999999999,-0.019774464206860687,0.13837446420686067,0.15814892841372136,7,23,0,95.0,0.0037444327026605606,30,"1,2,3,4,5,6,7,8,9,10,11,12,13,14,15,16,17,18,19,20,21,22,23,24,25,26,27,28,29,30",0.007488865405321121
degrade,0,RR,5,EAT(new),30,30,30,30,0,0,0,0.3613166666666666,0.27560598504610334,0.4470273482872299,0.17142136324112656,1,29,0,5.0,1.862645149230957e-08,30,"1,2,3,4,5,6,7,8,9,10,11,12,13,14,15,16,17,18,19,20,21,22,23,24,25,26,27,28,29,30",2.421438694000244e-07
degrade,1,MinRTT,2,BLEST,30,30,30,30,0,0,0,-0.5532166666666666,-0.7016471030732296,-0.4047862302601035,0.2968608728131261,27,3,0,9.0,6.146728992462158e-08,30,"1,2,3,4,5,6,7,8,9,10,11,12,13,14,15,16,17,18,19,20,21,22,23,24,25,26,27,28,29,30",6.761401891708374e-07
degrade,1,MinRTT,3,ECF,30,30,30,30,0,0,0,0.08915333333333335,-0.10873503442957279,0.2870417010962395,0.3957767355258123,14,16,0,206.0,0.5978077705949545,30,"1,2,3,4,5,6,7,8,9,10,11,12,13,14,15,16,17,18,19,20,21,22,23,24,25,26,27,28,29,30",0.5978077705949545
degrade,1,MinRTT,4,Peekaboo,30,30,30,30,0,0,0,-0.25723666666666667,-0.5540745512482019,0.039601217914868536,0.5936757691630704,27,3,0,36.0,9.220093488693237e-06,30,"1,2,3,4,5,6,7,8,9,10,11,12,13,14,15,16,17,18,19,20,21,22,23,24,25,26,27,28,29,30",4.6100467443466187e-05
degrade,1,MinRTT,6,MinRTT-multi(new),30,30,30,30,0,0,0,0.5992100000000001,0.40252167645992165,0.7958983235400786,0.39337664708015696,2,28,0,13.0,1.6391277313232422e-07,30,"1,2,3,4,5,6,7,8,9,10,11,12,13,14,15,16,17,18,19,20,21,22,23,24,25,26,27,28,29,30",1.3113021850585938e-06
degrade,1,MinRTT,5,EAT(new),30,30,30,30,0,0,0,0.9012266666666665,0.7277605480666376,1.0746927852666954,0.3469322372000577,0,30,0,0.0,1.862645149230957e-09,30,"1,2,3,4,5,6,7,8,9,10,11,12,13,14,15,16,17,18,19,20,21,22,23,24,25,26,27,28,29,30",3.91155481338501e-08
degrade,2,BLEST,3,ECF,30,30,30,30,0,0,0,0.64237,0.4024674687462616,0.8822725312537384,0.47980506250747673,3,27,0,12.0,1.30385160446167e-07,30,"1,2,3,4,5,6,7,8,9,10,11,12,13,14,15,16,17,18,19,20,21,22,23,24,25,26,27,28,29,30",1.173466444015503e-06
degrade,2,BLEST,4,Peekaboo,30,30,30,30,0,0,0,0.29598,-0.01988065841188391,0.611840658411884,0.6317213168237679,6,23,1,60.0,0.00033221766352653503,29,"1,2,3,4,5,6,7,8,9,10,11,12,13,14,15,16,17,18,19,20,21,22,23,24,25,26,27,28,29,30",0.001133054494857788
degrade,2,BLEST,6,MinRTT-multi(new),30,30,30,30,0,0,0,1.1524266666666665,0.9307551016969948,1.3740982316363382,0.4433431299393433,0,30,0,0.0,1.862645149230957e-09,30,"1,2,3,4,5,6,7,8,9,10,11,12,13,14,15,16,17,18,19,20,21,22,23,24,25,26,27,28,29,30",3.91155481338501e-08
degrade,2,BLEST,5,EAT(new),30,30,30,30,0,0,0,1.4544433333333333,1.2402271228021453,1.6686595438645213,0.42843242106237617,0,30,0,0.0,1.862645149230957e-09,30,"1,2,3,4,5,6,7,8,9,10,11,12,13,14,15,16,17,18,19,20,21,22,23,24,25,26,27,28,29,30",3.91155481338501e-08
degrade,3,ECF,4,Peekaboo,30,30,30,30,0,0,0,-0.34639000000000003,-0.6110577665085803,-0.08172223349141966,0.5293355330171607,25,5,0,65.0,0.000283263623714447,30,"1,2,3,4,5,6,7,8,9,10,11,12,13,14,15,16,17,18,19,20,21,22,23,24,25,26,27,28,29,30",0.001133054494857788
degrade,3,ECF,6,MinRTT-multi(new),30,30,30,30,0,0,0,0.5100566666666667,0.3742508719411659,0.6458624613921675,0.27161158945100156,2,28,0,10.0,8.009374141693115e-08,30,"1,2,3,4,5,6,7,8,9,10,11,12,13,14,15,16,17,18,19,20,21,22,23,24,25,26,27,28,29,30",8.009374141693115e-07
degrade,3,ECF,5,EAT(new),30,30,30,30,0,0,0,0.8120733333333333,0.6814449795662036,0.942701687100463,0.26125670753425934,0,30,0,0.0,1.862645149230957e-09,30,"1,2,3,4,5,6,7,8,9,10,11,12,13,14,15,16,17,18,19,20,21,22,23,24,25,26,27,28,29,30",3.91155481338501e-08
degrade,4,Peekaboo,6,MinRTT-multi(new),30,30,30,30,0,0,0,0.8564466666666667,0.5707915319068072,1.1421018014265263,0.571310269519719,1,29,0,2.0,5.587935447692871e-09,30,"1,2,3,4,5,6,7,8,9,10,11,12,13,14,15,16,17,18,19,20,21,22,23,24,25,26,27,28,29,30",8.381903171539307e-08
degrade,4,Peekaboo,5,EAT(new),30,30,30,30,0,0,0,1.1584633333333334,0.8842316546621576,1.4326950120045092,0.5484633573423517,0,30,0,0.0,1.862645149230957e-09,30,"1,2,3,4,5,6,7,8,9,10,11,12,13,14,15,16,17,18,19,20,21,22,23,24,25,26,27,28,29,30",3.91155481338501e-08
degrade,6,MinRTT-multi(new),5,EAT(new),30,30,30,30,0,0,0,0.3020166666666667,0.2219730910280832,0.3820602423052502,0.16008715127716702,1,29,0,7.0,3.5390257835388184e-08,30,"1,2,3,4,5,6,7,8,9,10,11,12,13,14,15,16,17,18,19,20,21,22,23,24,25,26,27,28,29,30",4.246830940246582e-07
