scenario,scheduler,name,runs,completed,incomplete,full_received,completed_short,completion_rate,mean_s,median_s,p90_s,std_s,ci95_low_s,ci95_high_s,ci95_width_s,mean_fct95_s,mean_path1_ip_share
dominating,0,RR,30,30,0,30,0,1.0,3.275596666666667,3.2731500000000002,3.29637,0.024713175089180778,3.2663686154295895,3.2848247179037444,0.018456102474155016,3.1336700000000004,0.6761075727666387
dominating,1,MinRTT,30,30,0,30,0,1.0,4.092273333333334,4.0999,4.33945,0.23040277915788726,4.006239521669658,4.17830714499701,0.17206762332735268,3.9094266666666666,0.8287291588044762
dominating,2,BLEST,30,30,0,30,0,1.0,4.38311,4.33385,4.507079999999999,0.09645840035994788,4.347091841363726,4.4191281586362745,0.07203631727254849,4.16943,0.8988376422776904
dominating,3,ECF,30,30,0,30,0,1.0,4.151176666666667,4.168200000000001,4.39937,0.22053179250563196,4.068828741994801,4.233524591338534,0.16469584934373382,3.9533633333333342,0.8447657233263749
dominating,4,Peekaboo,30,30,0,30,0,1.0,4.096760000000001,4.1175999999999995,4.36694,0.23446571192599894,4.009209064307476,4.184310935692525,0.1751018713850496,3.916676666666667,0.8290425104278251
dominating,6,MinRTT-multi(new),30,30,0,30,0,1.0,3.278056666666667,3.2709,3.30418,0.034391375054814544,3.26521471616965,3.290898617163684,0.02568390099403437,3.1334166666666667,0.6778527764917635
dominating,5,EAT(new),30,30,0,30,0,1.0,3.265023333333333,3.2565999999999997,3.27156,0.0344301960827825,3.2521668868262377,3.2778797798404287,0.02571289301419135,3.136563333333333,0.6801658226869027
competing,0,RR,30,30,0,30,0,1.0,3.671766666666666,3.5728999999999997,4.05488,0.3086149998961806,3.556527931809832,3.7870054015235004,0.2304774697136684,3.4814666666666665,0.580277890632692
competing,1,MinRTT,30,30,0,29,1,1.0,6.798360000000001,6.603949999999999,7.978800000000001,3.2540287786278,5.583285684872916,8.013434315127085,2.43014863025417,6.413626666666667,0.39317282522281327
competing,2,BLEST,30,30,0,29,1,1.0,6.972309999999999,6.90535,7.8432900000000005,3.2447117266726324,5.760714729249468,8.18390527075053,2.4231905415010626,6.5527,0.44939807221862754
competing,3,ECF,30,30,0,29,1,1.0,6.196646666666666,6.6113,7.28109,1.2023516556956302,5.747681179888656,6.645612153444676,0.8979309735560205,5.828563333333333,0.37140669638185736
competing,4,Peekaboo,30,30,0,30,0,1.0,7.135976666666666,7.0089500000000005,8.228980000000002,3.229044199960547,5.930231746538249,8.341721586795083,2.4114898402568343,6.73587,0.3401529527647385
competing,6,MinRTT-multi(new),30,30,0,30,0,1.0,3.7180233333333335,3.63765,4.05064,0.28416558150600096,3.6119141613435586,3.8241325053231083,0.21221834397954956,3.5128999999999997,0.5750862795218286
competing,5,EAT(new),30,30,0,30,0,1.0,3.71829,3.63715,4.05155,0.2872859015108408,3.611015681371769,3.8255643186282313,0.2145486372564621,3.5120766666666663,0.5749828295576415
degrade,0,RR,30,30,0,27,3,1.0,6.415703333333332,6.3761,6.46249,0.207012923939934,6.3384034371459235,6.493003229520741,0.15459979237481825,6.057273333333333,0.37764246798292656
degrade,1,MinRTT,30,30,0,29,1,1.0,6.955613333333332,6.957750000000001,7.39176,0.44678552961265916,6.7887808747612475,7.122445791905417,0.3336649171441694,6.540890000000002,0.28861973746013525
degrade,2,BLEST,30,30,0,30,0,1.0,7.50883,7.35455,7.8106800000000005,0.5511512566343789,7.303026738490784,7.714633261509215,0.4116065230184311,7.080256666666668,0.2640515883764544
degrade,3,ECF,30,30,0,30,0,1.0,6.86646,6.808,7.32419,0.3487974558986624,6.736216889481827,6.996703110518173,0.2604862210363465,6.444993333333333,0.28301846434663036
degrade,4,Peekaboo,30,30,0,30,0,1.0,7.21285,7.144550000000001,7.440580000000001,0.7332559226514631,6.939047738667721,7.48665226133228,0.547604522664558,6.779393333333334,0.2614310324653826
degrade,6,MinRTT-multi(new),30,30,0,28,2,1.0,6.356403333333333,6.33345,6.39386,0.21012233297793925,6.277942364729442,6.434864301937224,0.15692193720778277,5.995836666666666,0.37778630171021116
degrade,5,EAT(new),30,30,0,30,0,1.0,6.054386666666668,6.0441,6.07775,0.12734275694803548,6.006836099750576,6.10193723358276,0.09510113383218323,5.962663333333333,0.3711787730908719
