scenario,scheduler,runs,completed,fct_mean,fct_std,fct_median,fct_p90,fct95_mean,share_p1
competing,RR,30,13,3.4811846153846155,0.1939530091119746,3.4079,3.5727800000000003,3.3232538461538463,0.601833382629402
competing,MinRTT,30,29,6.595910344827586,2.6523530744746027,6.695,7.7382800000000005,6.222441379310345,0.4145559651794787
competing,BLEST,30,26,6.766592307692308,2.717668859434214,6.8055,7.7386,6.368107692307692,0.41756985078136444
competing,ECF,30,30,6.193996666666667,1.1810975718061727,6.6113,7.29017,5.829629999999999,0.37299168267659527
competing,Peekaboo,30,30,6.896893333333334,2.585651883112589,6.90585,8.18622,6.496576666666665,0.3683414707658124
competing,MinRTT-multi(new),30,13,3.41853076923077,0.05855889321323424,3.3992,3.45716,3.261376923076923,0.6090517220540452
competing,EAT(new),30,13,3.426861538461539,0.05771914093928664,3.4057,3.4662200000000003,3.2638153846153846,0.6079772452160165
degrade,RR,30,30,6.391310000000001,0.15760897346674582,6.3761,6.44269,6.033309999999998,0.3771119887109309
degrade,MinRTT,30,30,6.997949999999999,0.4830229513715927,7.0405999999999995,7.329330000000001,6.595816666666668,0.28645317432903533
degrade,BLEST,30,30,7.423763333333333,0.3315308884380244,7.2547999999999995,7.78509,6.9966099999999996,0.265067878039061
degrade,ECF,30,30,6.889649999999999,0.3097092883267501,6.9033,7.3235399999999995,6.493806666666667,0.2842241821401498
degrade,Peekaboo,30,30,7.1695866666666666,0.4971064534111266,7.15335,7.46479,6.740733333333333,0.2599289210539362
degrade,MinRTT-multi(new),30,30,6.3268933333333335,0.05717534996550671,6.3273,6.3787,5.96884,0.3771678807207335
degrade,EAT(new),30,30,6.1448133333333335,0.3234395309187169,6.0629,6.189740000000001,6.059969999999999,0.3731997635399206
dominating,RR,30,30,3.2736166666666673,0.019136138105929165,3.27325,3.29472,3.132093333333333,0.6752273360449608
dominating,MinRTT,30,30,4.081576666666667,0.22068509735684988,4.1158,4.33005,3.905303333333334,0.8252153266277014
dominating,BLEST,30,26,4.380761538461538,0.09394109676567798,4.3388,4.50485,4.166946153846154,0.8963114375512452
dominating,ECF,30,28,4.140210714285715,0.2261280960139149,4.21045,4.383640000000001,3.933885714285714,0.8478947841492946
dominating,Peekaboo,30,30,4.090213333333334,0.2253341055553659,4.13565,4.33421,3.91556,0.826374649253352
dominating,MinRTT-multi(new),30,30,3.267843333333334,0.017454110934268366,3.2700500000000003,3.29033,3.1261300000000003,0.674923369768463
dominating,EAT(new),30,30,3.2647733333333333,0.032392367484708036,3.25595,3.2746,3.137036666666667,0.6799694989089143
