scenario,scheduler,name,seed,size,fct_s,fct95_s,rx_app,rx_p0,rx_p1,delay_p0_ms,delay_p1_ms,done,wall_s
dominating,1,MinRTT,12,5242880,4.2763,4.0675,5242014,519355,5036411,85.077,71.3713,1,0.3
dominating,2,BLEST,6,5242880,60,60,1551050,529154,5109316,88.0014,63.757,0,0.5
dominating,2,BLEST,14,5242880,60,60,1543830,537534,5153130,85.7145,55.9451,0,0.8
dominating,2,BLEST,18,5242880,60,60,1512062,518365,5133928,83.9531,61.2924,0,0.6
dominating,2,BLEST,22,5242880,60,60,1239122,681394,4960183,108.9194,63.9247,0,0.5
dominating,3,ECF,9,5242880,60,60,1936634,883007,4743347,153.2425,60.4617,0,0.5
dominating,3,ECF,16,5242880,60,60,4234242,1033633,4619546,127.0239,59.5173,0,0.6
competing,0,RR,4,5242880,3.4614,3.2427,5242812,2198855,3351407,93.9961,114.9292,1,0.3
competing,0,RR,5,5242880,60,3.3215,5211976,2178320,3374422,150.7651,108.5362,0,0.3
competing,0,RR,6,5242880,60,3.833,5219776,2551503,3001794,81.4914,120.6043,0,0.3
competing,0,RR,7,5242880,60,3.419,5236972,2321063,3232689,148.0673,116.9567,0,0.3
competing,0,RR,8,5242880,60,3.3648,5238144,2271464,3280038,87.3773,115.231,0,0.3
competing,0,RR,10,5242880,3.599,3.383,5241336,2280115,3270783,89.5315,114.9629,1,0.3
competing,0,RR,11,5242880,60,3.2949,5206138,2144746,3406313,83.2523,114.5468,0,0.3
competing,0,RR,12,5242880,60,3.3295,5206778,2179356,3373711,147.7303,112.5675,0,0.3
competing,0,RR,13,5242880,60,3.3445,5238548,2258682,3292896,90.458,116.6499,0,0.3
competing,0,RR,14,5242880,60,3.2887,5212556,2166546,3384386,144.7167,116.6146,0,0.3
competing,0,RR,15,5242880,60,3.5707,5231328,2371308,3180228,90.3411,109.2642,0,0.3
competing,0,RR,16,5242880,60,3.7062,5211915,2459272,3096964,82.8047,115.1694,0,0.3
competing,0,RR,17,5242880,60,3.2641,5203890,2150173,3401205,83.5962,112.9323,0,0.3
competing,0,RR,18,5242880,60,3.3871,5199558,2222926,3334240,87.9136,106.3544,0,0.3
competing,0,RR,19,5242880,60,3.7603,5191701,2503312,3054019,79.819,63.4482,0,0.2
competing,0,RR,21,5242880,60,3.4759,5226640,2338315,3212694,86.67,152.7497,0,0.3
competing,0,RR,23,5242880,60,3.8254,5221211,2554570,2999869,141.9895,114.3831,0,0.3
competing,0,RR,26,5242880,60,3.2675,5209043,2160156,3391051,92.1926,110.4763,0,0.3
competing,0,RR,28,5242880,60,3.4108,5237104,2295302,3256509,86.329,111.2283,0,0.3
competing,1,MinRTT,14,5242880,4.553,4.237,5241662,1759081,3795807,213.0348,103.022,1,0.3
competing,1,MinRTT,17,5242880,7.3152,6.8893,5241886,4471059,1089547,85.5241,106.4732,1,0.3
competing,1,MinRTT,21,5242880,5.4475,5.0948,5242250,1760115,3792691,225.2378,98.6157,1,0.4
competing,1,MinRTT,23,5242880,60,5.1461,5237092,3357663,2204896,158.0705,145.2627,0,0.4
competing,1,MinRTT,25,5242880,4.618,4.2552,5241353,1637307,3918675,255.5351,110.0776,1,0.4
competing,1,MinRTT,30,5242880,18.6596,18.1162,5239992,1032455,4558691,73.4509,54.972,1,0.3
competing,2,BLEST,5,5242880,4.8096,4.4211,5241436,1267834,4291758,219.6151,90.6128,1,0.3
competing,2,BLEST,7,5242880,60,3.8734,5235661,1838172,3715638,282.994,120.8873,0,0.4
competing,2,BLEST,12,5242880,60,60,2239898,1272519,4371597,143.4835,97.2377,0,0.5
competing,2,BLEST,14,5242880,60,60,2173474,1237947,4409422,137.3144,92.3455,0,0.5
competing,2,BLEST,17,5242880,7.3152,6.8893,5241886,4471059,1089547,85.5241,106.4732,1,0.3
competing,2,BLEST,20,5242880,60,5.2067,5238598,1094004,4464327,291.0423,101.1084,0,0.4
competing,2,BLEST,21,5242880,6.073,5.3444,5239992,1640080,3920906,215.1765,93.3416,1,0.3
competing,2,BLEST,30,5242880,18.6596,18.1162,5239992,1032455,4558691,73.4509,54.972,1,0.3
competing,3,ECF,5,5242880,4.3144,4.0373,5242828,1302364,4253809,295.2758,111.9377,1,0.4
competing,3,ECF,8,5242880,6.9677,6.738,5242844,3979559,1579002,84.6731,153.3647,1,0.3
competing,3,ECF,11,5242880,7.0108,6.5819,5241436,4235799,1322457,78.8374,133.2808,1,0.3
competing,3,ECF,16,5242880,6.8628,6.4367,5241436,3924568,1637579,77.9431,167.4092,1,0.3
competing,3,ECF,17,5242880,7.114,6.6915,5241790,4094269,1464086,80.7258,164.7545,1,0.3
competing,3,ECF,19,5242880,7.4933,7.2833,5241437,4488143,1071892,84.5948,88.1872,1,0.3
competing,4,Peekaboo,14,5242880,4.6571,4.237,5242878,1830896,3724458,208.5517,103.3474,1,0.3
competing,4,Peekaboo,23,5242880,4.3319,4.1236,5242879,1354521,4204579,229.7275,101.953,1,0.4
competing,4,Peekaboo,25,5242880,4.618,4.2552,5241353,1637307,3918675,255.5351,110.0776,1,0.4
competing,4,Peekaboo,30,5242880,18.6596,18.1162,5239992,1032455,4558691,73.4509,54.972,1,0.3
competing,5,EAT(new),2,5242880,60,3.3054,5237104,2230649,3320261,89.998,166.3741,0,0.3
competing,5,EAT(new),4,5242880,3.4681,3.2667,5241384,2201667,3348373,153.2655,114.6712,1,0.3
competing,5,EAT(new),5,5242880,60,3.2744,5213998,2159180,3396268,87.1752,109.0619,0,0.3
competing,5,EAT(new),6,5242880,60,3.5976,5220897,2369344,3182315,150.671,158.8318,0,0.3
competing,5,EAT(new),7,5242880,60,3.3963,5209668,2308935,3243872,78.3586,116.0338,0,0.3
competing,5,EAT(new),8,5242880,60,3.3915,5235400,2272330,3278614,151.26,112.0141,0,0.3
competing,5,EAT(new),10,5242880,60,3.4041,5219774,2294748,3259636,81.5317,108.9351,0,0.4
competing,5,EAT(new),11,5242880,60,3.3889,5203251,2222315,3331808,148.8728,109.6358,0,0.3
competing,5,EAT(new),12,5242880,60,3.2865,5206777,2163948,3388765,82.4378,113.2188,0,0.3
competing,5,EAT(new),15,5242880,60,3.5333,5235544,2341162,3209995,152.2508,118.3006,0,0.3
competing,5,EAT(new),16,5242880,60,3.9124,5226354,2649536,2909521,147.2472,122.6092,0,0.3
competing,5,EAT(new),17,5242880,60,3.2556,5205326,2154707,3398124,82.3091,114.331,0,0.3
competing,5,EAT(new),18,5242880,60,3.2807,5203890,2153688,3398267,150.6666,118.7424,0,0.3
competing,5,EAT(new),19,5242880,60,3.6498,5195226,2439832,3117701,82.8164,64.4663,0,0.2
competing,5,EAT(new),21,5242880,60,3.6176,5226986,2447625,3103961,79.0452,117.3613,0,0.3
competing,5,EAT(new),22,5242880,60,3.6101,5194589,2415125,3139943,144.232,95.3625,0,0.2
competing,5,EAT(new),23,5242880,60,3.4845,5222084,2320781,3232750,146.0035,151.9776,0,0.3
competing,5,EAT(new),26,5242880,60,3.281,5213532,2163977,3386283,152.1346,113.2588,0,0.3
competing,5,EAT(new),28,5242880,3.593,3.3736,5241436,2277558,3274615,84.9785,115.0343,1,0.3
competing,5,EAT(new),30,5242880,3.4587,3.2891,5241436,2169949,3379731,155.9466,114.5987,1,0.3
competing,6,MinRTT-multi(new),2,5242880,60,3.3054,5237104,2219953,3330896,90.1676,166.0564,0,0.3
competing,6,MinRTT-multi(new),5,5242880,60,3.2744,5213368,2146876,3408421,87.3545,108.9153,0,0.3
competing,6,MinRTT-multi(new),6,5242880,60,3.5976,5219777,2374670,3177055,150.5885,159.0061,0,0.3
competing,6,MinRTT-multi(new),7,5242880,60,3.3963,5209038,2299113,3253753,78.4165,115.8289,0,0.3
competing,6,MinRTT-multi(new),8,5242880,60,3.3915,5235660,2280803,3270249,151.0745,112.1803,0,0.3
competing,6,MinRTT-multi(new),10,5242880,60,3.4041,5218462,2285660,3268752,81.5918,108.7977,0,0.4
competing,6,MinRTT-multi(new),11,5242880,60,3.3529,5211916,2224188,3330362,82.9903,109.6339,0,0.3
competing,6,MinRTT-multi(new),12,5242880,60,3.2865,5206777,2153225,3399456,82.5247,113.057,0,0.3
competing,6,MinRTT-multi(new),15,5242880,60,3.503,5235660,2331988,3219983,88.4789,118.0996,0,0.3
competing,6,MinRTT-multi(new),16,5242880,60,3.9124,5226984,2651559,2907359,147.3876,122.641,0,0.3
competing,6,MinRTT-multi(new),17,5242880,60,3.2556,5204696,2144826,3408003,82.4385,114.1442,0,0.3
competing,6,MinRTT-multi(new),18,5242880,60,3.2823,5198918,2143779,3408163,150.8631,118.706,0,0.3
competing,6,MinRTT-multi(new),19,5242880,60,3.6498,5195226,2439834,3117701,82.8489,64.4673,0,0.2
competing,6,MinRTT-multi(new),21,5242880,60,3.6176,5225556,2441488,3109975,79.1171,117.2774,0,0.3
competing,6,MinRTT-multi(new),22,5242880,60,3.5746,5206780,2409197,3146877,83.8223,95.2728,0,0.3
competing,6,MinRTT-multi(new),23,5242880,60,3.4845,5222661,2326558,3227429,145.5376,152.1802,0,0.3
competing,6,MinRTT-multi(new),26,5242880,60,3.281,5212556,2169329,3380957,152.0516,113.3722,0,0.3
competing,6,MinRTT-multi(new),28,5242880,3.5794,3.3736,5241436,2268387,3283669,85.1146,114.9186,1,0.3
competing,6,MinRTT-multi(new),30,5242880,3.4587,3.2891,5241436,2169949,3379731,155.9906,114.5987,1,0.3
degrade,0,RR,4,5242880,6.3898,6.0372,5240806,3458676,2095235,130.7845,267.3445,1,0.3
degrade,0,RR,6,5242880,6.3394,5.9739,5240806,3465384,2087710,163.1034,260.1761,1,0.3
degrade,0,RR,7,5242880,6.3777,6.0251,5240806,3455550,2098517,95.098,259.846,1,0.3
degrade,0,RR,19,5242880,6.3272,5.9618,5240806,3459276,2093847,162.3439,258.3201,1,0.3
degrade,1,MinRTT,7,5242880,9.1054,8.5347,5242430,4039036,1524440,106.5309,173.3229,1,0.3
degrade,6,MinRTT-multi(new),17,5242880,6.3148,5.9494,5240806,3462989,2090776,162.5003,256.0923,1,0.3
degrade,6,MinRTT-multi(new),21,5242880,6.1068,5.7413,5240806,3479548,2070823,167.877,253.0469,1,0.5
degrade,6,MinRTT-multi(new),22,5242880,6.3274,5.9747,5240806,3451215,2103108,101.8963,253.1627,1,0.3
