scenario,scheduler_a,scheduler_b,seed,fct_a_s,fct_b_s,diff_a_minus_b_s
dominating,0,1,1,3.2904,4.3219,-1.0315
dominating,0,1,2,3.2758,3.9814,-0.7056
dominating,0,1,3,3.2904,3.8458,-0.5554
dominating,0,1,4,3.2642,4.2644,-1.0002
dominating,0,1,5,3.2834,4.1362,-0.8528
dominating,0,1,6,3.2946,4.3293,-1.0347
dominating,0,1,7,3.2427,4.3368,-1.0941
dominating,0,1,8,3.2535,4.2744,-1.0209
dominating,0,1,9,3.263,4.1625,-0.8995
dominating,0,1,10,3.2751,3.9796,-0.7045
dominating,0,1,11,3.2786,3.9972,-0.7186
dominating,0,1,12,3.2688,4.2763,-1.0075
dominating,0,1,13,3.2588,4.3441,-1.0853
dominating,0,1,14,3.259,4.2704,-1.0114
dominating,0,1,15,3.2848,4.2606,-0.9758
dominating,0,1,16,3.2557,3.9238,-0.6681
dominating,0,1,17,3.2612,4.177,-0.9158
dominating,0,1,18,3.3286,4.3997,-1.0711
dominating,0,1,19,3.2809,3.9131,-0.6322
dominating,0,1,20,3.3029,3.9801,-0.6772
dominating,0,1,21,3.2491,3.895,-0.6459
dominating,0,1,22,3.248,4.0954,-0.8474
dominating,0,1,23,3.2734,4.1669,-0.8935
dominating,0,1,24,3.2958,3.5115,-0.2157
dominating,0,1,25,3.2626,4.0288,-0.7662
dominating,0,1,26,3.2925,3.7956,-0.5031
dominating,0,1,27,3.2616,4.2698,-1.0082
dominating,0,1,28,3.2536,4.0034,-0.7498
dominating,0,1,29,3.2731,3.6928,-0.4197
dominating,0,1,30,3.2864,3.8135,-0.5271
dominating,0,2,1,3.2904,4.3587,-1.0683
dominating,0,2,2,3.2758,4.2963,-1.0205
dominating,0,2,3,3.2904,4.3233,-1.0329
dominating,0,2,4,3.2642,4.2767,-1.0125
dominating,0,2,5,3.2834,4.3068,-1.0234
dominating,0,2,7,3.2427,4.4723,-1.2296
dominating,0,2,8,3.2535,4.2983,-1.0448
dominating,0,2,9,3.263,4.3922,-1.1292
dominating,0,2,10,3.2751,4.4964,-1.2213
dominating,0,2,11,3.2786,4.3246,-1.046
dominating,0,2,12,3.2688,4.5341,-1.2653
dominating,0,2,13,3.2588,4.4945,-1.2357
dominating,0,2,15,3.2848,4.3495,-1.0647
dominating,0,2,16,3.2557,4.304,-1.0483
dominating,0,2,17,3.2612,4.4943,-1.2331
dominating,0,2,19,3.2809,4.2808,-0.9999
dominating,0,2,20,3.3029,4.2718,-0.9689
dominating,0,2,21,3.2491,4.35,-1.1009
dominating,0,2,23,3.2734,4.4922,-1.2188
dominating,0,2,24,3.2958,4.3187,-1.0229
dominating,0,2,25,3.2626,4.5133,-1.2507
dominating,0,2,26,3.2925,4.3281,-1.0356
dominating,0,2,27,3.2616,4.3264,-1.0648
dominating,0,2,28,3.2536,4.4887,-1.2351
dominating,0,2,29,3.2731,4.2809,-1.0078
dominating,0,2,30,3.2864,4.5269,-1.2405
dominating,0,3,1,3.2904,3.6344,-0.344
dominating,0,3,2,3.2758,3.8086,-0.5328
dominating,0,3,3,3.2904,3.9236,-0.6332
dominating,0,3,4,3.2642,4.2679,-1.0037
dominating,0,3,5,3.2834,4.3798,-1.0964
dominating,0,3,6,3.2946,4.1559,-0.8613
dominating,0,3,7,3.2427,3.8969,-0.6542
dominating,0,3,8,3.2535,4.1307,-0.8772
dominating,0,3,10,3.2751,4.3485,-1.0734
dominating,0,3,11,3.2786,4.3301,-1.0515
dominating,0,3,12,3.2688,3.6487,-0.3799
dominating,0,3,13,3.2588,4.3926,-1.1338
dominating,0,3,14,3.259,4.0481,-0.7891
dominating,0,3,15,3.2848,4.2923,-1.0075
dominating,0,3,17,3.2612,4.2699,-1.0087
dominating,0,3,18,3.3286,4.3135,-0.9849
dominating,0,3,19,3.2809,4.2281,-0.9472
dominating,0,3,20,3.3029,4.2581,-0.9552
dominating,0,3,21,3.2491,4.0119,-0.7628
dominating,0,3,22,3.248,4.3953,-1.1473
dominating,0,3,23,3.2734,4.3317,-1.0583
dominating,0,3,24,3.2958,3.9303,-0.6345
dominating,0,3,25,3.2626,4.3465,-1.0839
dominating,0,3,26,3.2925,4.0067,-0.7142
dominating,0,3,27,3.2616,4.078,-0.8164
dominating,0,3,28,3.2536,4.1928,-0.9392
dominating,0,3,29,3.2731,3.9073,-0.6342
dominating,0,3,30,3.2864,4.3977,-1.1113
dominating,0,4,1,3.2904,4.3219,-1.0315
dominating,0,4,2,3.2758,3.9814,-0.7056
dominating,0,4,3,3.2904,3.8458,-0.5554
dominating,0,4,4,3.2642,4.2644,-1.0002
dominating,0,4,5,3.2834,4.1362,-0.8528
dominating,0,4,6,3.2946,4.3293,-1.0347
dominating,0,4,7,3.2427,4.1308,-0.8881
dominating,0,4,8,3.2535,4.2744,-1.0209
dominating,0,4,9,3.263,4.1625,-0.8995
dominating,0,4,10,3.2751,3.9796,-0.7045
dominating,0,4,11,3.2786,3.9972,-0.7186
dominating,0,4,12,3.2688,4.4121,-1.1433
dominating,0,4,13,3.2588,4.2484,-0.9896
dominating,0,4,14,3.259,4.2892,-1.0302
dominating,0,4,15,3.2848,4.2606,-0.9758
dominating,0,4,16,3.2557,3.9238,-0.6681
dominating,0,4,17,3.2612,4.177,-0.9158
dominating,0,4,18,3.3286,4.3997,-1.0711
dominating,0,4,19,3.2809,3.9131,-0.6322
dominating,0,4,20,3.3029,3.9801,-0.6772
dominating,0,4,21,3.2491,3.895,-0.6459
dominating,0,4,22,3.248,4.1351,-0.8871
dominating,0,4,23,3.2734,4.3784,-1.105
dominating,0,4,24,3.2958,3.5115,-0.2157
dominating,0,4,25,3.2626,4.0288,-0.7662
dominating,0,4,26,3.2925,3.7956,-0.5031
dominating,0,4,27,3.2616,4.2859,-1.0243
dominating,0,4,28,3.2536,4.1423,-0.8887
dominating,0,4,29,3.2731,3.6928,-0.4197
dominating,0,4,30,3.2864,3.8135,-0.5271
dominating,0,6,1,3.2904,3.2572,0.0332
dominating,0,6,2,3.2758,3.2703,0.0055
dominating,0,6,3,3.2904,3.282,0.0084
dominating,0,6,4,3.2642,3.2561,0.0081
dominating,0,6,5,3.2834,3.2791,0.0043
dominating,0,6,6,3.2946,3.2653,0.0293
dominating,0,6,7,3.2427,3.251,-0.0083
dominating,0,6,8,3.2535,3.2495,0.004
dominating,0,6,9,3.263,3.2856,-0.0226
dominating,0,6,10,3.2751,3.2708,0.0043
dominating,0,6,11,3.2786,3.2698,0.0088
dominating,0,6,12,3.2688,3.2885,-0.0197
dominating,0,6,13,3.2588,3.2488,0.01
dominating,0,6,14,3.259,3.2817,-0.0227
dominating,0,6,15,3.2848,3.2879,-0.0031
dominating,0,6,16,3.2557,3.2559,-0.0002
dominating,0,6,17,3.2612,3.2698,-0.0086
dominating,0,6,18,3.3286,3.2912,0.0374
dominating,0,6,19,3.2809,3.2735,0.0074
dominating,0,6,20,3.3029,3.2449,0.058
dominating,0,6,21,3.2491,3.2903,-0.0412
dominating,0,6,22,3.248,3.2383,0.0097
dominating,0,6,23,3.2734,3.2464,0.027
dominating,0,6,24,3.2958,3.2753,0.0205
dominating,0,6,25,3.2626,3.2587,0.0039
dominating,0,6,26,3.2925,3.2906,0.0019
dominating,0,6,27,3.2616,3.2729,-0.0113
dominating,0,6,28,3.2536,3.2415,0.0121
dominating,0,6,29,3.2731,3.2445,0.0286
dominating,0,6,30,3.2864,3.2979,-0.0115
dominating,0,5,1,3.2904,3.264,0.0264
dominating,0,5,2,3.2758,3.2473,0.0285
dominating,0,5,3,3.2904,3.3839,-0.0935
dominating,0,5,4,3.2642,3.2574,0.0068
dominating,0,5,5,3.2834,3.2493,0.0341
dominating,0,5,6,3.2946,3.2641,0.0305
dominating,0,5,7,3.2427,3.2301,0.0126
dominating,0,5,8,3.2535,3.252,0.0015
dominating,0,5,9,3.263,3.2729,-0.0099
dominating,0,5,10,3.2751,3.2639,0.0112
dominating,0,5,11,3.2786,3.264,0.0146
dominating,0,5,12,3.2688,3.2712,-0.0024
dominating,0,5,13,3.2588,3.2558,0.003
dominating,0,5,14,3.259,3.2561,0.0029
dominating,0,5,15,3.2848,3.268,0.0168
dominating,0,5,16,3.2557,3.267,-0.0113
dominating,0,5,17,3.2612,3.2489,0.0123
dominating,0,5,18,3.3286,3.2899,0.0387
dominating,0,5,19,3.2809,3.2478,0.0331
dominating,0,5,20,3.3029,3.246,0.0569
dominating,0,5,21,3.2491,3.2386,0.0105
dominating,0,5,22,3.248,3.2457,0.0023
dominating,0,5,23,3.2734,3.2501,0.0233
dominating,0,5,24,3.2958,3.2485,0.0473
dominating,0,5,25,3.2626,3.3673,-0.1047
dominating,0,5,26,3.2925,3.2607,0.0318
dominating,0,5,27,3.2616,3.2525,0.0091
dominating,0,5,28,3.2536,3.2552,-0.0016
dominating,0,5,29,3.2731,3.2536,0.0195
dominating,0,5,30,3.2864,3.2714,0.015
dominating,1,2,1,4.3219,4.3587,-0.0368
dominating,1,2,2,3.9814,4.2963,-0.3149
dominating,1,2,3,3.8458,4.3233,-0.4775
dominating,1,2,4,4.2644,4.2767,-0.0123
dominating,1,2,5,4.1362,4.3068,-0.1706
dominating,1,2,7,4.3368,4.4723,-0.1355
dominating,1,2,8,4.2744,4.2983,-0.0239
dominating,1,2,9,4.1625,4.3922,-0.2297
dominating,1,2,10,3.9796,4.4964,-0.5168
dominating,1,2,11,3.9972,4.3246,-0.3274
dominating,1,2,12,4.2763,4.5341,-0.2578
dominating,1,2,13,4.3441,4.4945,-0.1504
dominating,1,2,15,4.2606,4.3495,-0.0889
dominating,1,2,16,3.9238,4.304,-0.3802
dominating,1,2,17,4.177,4.4943,-0.3173
dominating,1,2,19,3.9131,4.2808,-0.3677
dominating,1,2,20,3.9801,4.2718,-0.2917
dominating,1,2,21,3.895,4.35,-0.455
dominating,1,2,23,4.1669,4.4922,-0.3253
dominating,1,2,24,3.5115,4.3187,-0.8072
dominating,1,2,25,4.0288,4.5133,-0.4845
dominating,1,2,26,3.7956,4.3281,-0.5325
dominating,1,2,27,4.2698,4.3264,-0.0566
dominating,1,2,28,4.0034,4.4887,-0.4853
dominating,1,2,29,3.6928,4.2809,-0.5881
dominating,1,2,30,3.8135,4.5269,-0.7134
dominating,1,3,1,4.3219,3.6344,0.6875
dominating,1,3,2,3.9814,3.8086,0.1728
dominating,1,3,3,3.8458,3.9236,-0.0778
dominating,1,3,4,4.2644,4.2679,-0.0035
dominating,1,3,5,4.1362,4.3798,-0.2436
dominating,1,3,6,4.3293,4.1559,0.1734
dominating,1,3,7,4.3368,3.8969,0.4399
dominating,1,3,8,4.2744,4.1307,0.1437
dominating,1,3,10,3.9796,4.3485,-0.3689
dominating,1,3,11,3.9972,4.3301,-0.3329
dominating,1,3,12,4.2763,3.6487,0.6276
dominating,1,3,13,4.3441,4.3926,-0.0485
dominating,1,3,14,4.2704,4.0481,0.2223
dominating,1,3,15,4.2606,4.2923,-0.0317
dominating,1,3,17,4.177,4.2699,-0.0929
dominating,1,3,18,4.3997,4.3135,0.0862
dominating,1,3,19,3.9131,4.2281,-0.315
dominating,1,3,20,3.9801,4.2581,-0.278
dominating,1,3,21,3.895,4.0119,-0.1169
dominating,1,3,22,4.0954,4.3953,-0.2999
dominating,1,3,23,4.1669,4.3317,-0.1648
dominating,1,3,24,3.5115,3.9303,-0.4188
dominating,1,3,25,4.0288,4.3465,-0.3177
dominating,1,3,26,3.7956,4.0067,-0.2111
dominating,1,3,27,4.2698,4.078,0.1918
dominating,1,3,28,4.0034,4.1928,-0.1894
dominating,1,3,29,3.6928,3.9073,-0.2145
dominating,1,3,30,3.8135,4.3977,-0.5842
dominating,1,4,1,4.3219,4.3219,0
dominating,1,4,2,3.9814,3.9814,0
dominating,1,4,3,3.8458,3.8458,0
dominating,1,4,4,4.2644,4.2644,0
dominating,1,4,5,4.1362,4.1362,0
dominating,1,4,6,4.3293,4.3293,0
dominating,1,4,7,4.3368,4.1308,0.206
dominating,1,4,8,4.2744,4.2744,0
dominating,1,4,9,4.1625,4.1625,0
dominating,1,4,10,3.9796,3.9796,0
dominating,1,4,11,3.9972,3.9972,0
dominating,1,4,12,4.2763,4.4121,-0.1358
dominating,1,4,13,4.3441,4.2484,0.0957
dominating,1,4,14,4.2704,4.2892,-0.0188
dominating,1,4,15,4.2606,4.2606,0
dominating,1,4,16,3.9238,3.9238,0
dominating,1,4,17,4.177,4.177,0
dominating,1,4,18,4.3997,4.3997,0
dominating,1,4,19,3.9131,3.9131,0
dominating,1,4,20,3.9801,3.9801,0
dominating,1,4,21,3.895,3.895,0
dominating,1,4,22,4.0954,4.1351,-0.0397
dominating,1,4,23,4.1669,4.3784,-0.2115
dominating,1,4,24,3.5115,3.5115,0
dominating,1,4,25,4.0288,4.0288,0
dominating,1,4,26,3.7956,3.7956,0
dominating,1,4,27,4.2698,4.2859,-0.0161
dominating,1,4,28,4.0034,4.1423,-0.1389
dominating,1,4,29,3.6928,3.6928,0
dominating,1,4,30,3.8135,3.8135,0
dominating,1,6,1,4.3219,3.2572,1.0647
dominating,1,6,2,3.9814,3.2703,0.7111
dominating,1,6,3,3.8458,3.282,0.5638
dominating,1,6,4,4.2644,3.2561,1.0083
dominating,1,6,5,4.1362,3.2791,0.8571
dominating,1,6,6,4.3293,3.2653,1.064
dominating,1,6,7,4.3368,3.251,1.0858
dominating,1,6,8,4.2744,3.2495,1.0249
dominating,1,6,9,4.1625,3.2856,0.8769
dominating,1,6,10,3.9796,3.2708,0.7088
dominating,1,6,11,3.9972,3.2698,0.7274
dominating,1,6,12,4.2763,3.2885,0.9878
dominating,1,6,13,4.3441,3.2488,1.0953
dominating,1,6,14,4.2704,3.2817,0.9887
dominating,1,6,15,4.2606,3.2879,0.9727
dominating,1,6,16,3.9238,3.2559,0.6679
dominating,1,6,17,4.177,3.2698,0.9072
dominating,1,6,18,4.3997,3.2912,1.1085
dominating,1,6,19,3.9131,3.2735,0.6396
dominating,1,6,20,3.9801,3.2449,0.7352
dominating,1,6,21,3.895,3.2903,0.6047
dominating,1,6,22,4.0954,3.2383,0.8571
dominating,1,6,23,4.1669,3.2464,0.9205
dominating,1,6,24,3.5115,3.2753,0.2362
dominating,1,6,25,4.0288,3.2587,0.7701
dominating,1,6,26,3.7956,3.2906,0.505
dominating,1,6,27,4.2698,3.2729,0.9969
dominating,1,6,28,4.0034,3.2415,0.7619
dominating,1,6,29,3.6928,3.2445,0.4483
dominating,1,6,30,3.8135,3.2979,0.5156
dominating,1,5,1,4.3219,3.264,1.0579
dominating,1,5,2,3.9814,3.2473,0.7341
dominating,1,5,3,3.8458,3.3839,0.4619
dominating,1,5,4,4.2644,3.2574,1.007
dominating,1,5,5,4.1362,3.2493,0.8869
dominating,1,5,6,4.3293,3.2641,1.0652
dominating,1,5,7,4.3368,3.2301,1.1067
dominating,1,5,8,4.2744,3.252,1.0224
dominating,1,5,9,4.1625,3.2729,0.8896
dominating,1,5,10,3.9796,3.2639,0.7157
dominating,1,5,11,3.9972,3.264,0.7332
dominating,1,5,12,4.2763,3.2712,1.0051
dominating,1,5,13,4.3441,3.2558,1.0883
dominating,1,5,14,4.2704,3.2561,1.0143
dominating,1,5,15,4.2606,3.268,0.9926
dominating,1,5,16,3.9238,3.267,0.6568
dominating,1,5,17,4.177,3.2489,0.9281
dominating,1,5,18,4.3997,3.2899,1.1098
dominating,1,5,19,3.9131,3.2478,0.6653
dominating,1,5,20,3.9801,3.246,0.7341
dominating,1,5,21,3.895,3.2386,0.6564
dominating,1,5,22,4.0954,3.2457,0.8497
dominating,1,5,23,4.1669,3.2501,0.9168
dominating,1,5,24,3.5115,3.2485,0.263
dominating,1,5,25,4.0288,3.3673,0.6615
dominating,1,5,26,3.7956,3.2607,0.5349
dominating,1,5,27,4.2698,3.2525,1.0173
dominating,1,5,28,4.0034,3.2552,0.7482
dominating,1,5,29,3.6928,3.2536,0.4392
dominating,1,5,30,3.8135,3.2714,0.5421
dominating,2,3,1,4.3587,3.6344,0.7243
dominating,2,3,2,4.2963,3.8086,0.4877
dominating,2,3,3,4.3233,3.9236,0.3997
dominating,2,3,4,4.2767,4.2679,0.0088
dominating,2,3,5,4.3068,4.3798,-0.073
dominating,2,3,7,4.4723,3.8969,0.5754
dominating,2,3,8,4.2983,4.1307,0.1676
dominating,2,3,10,4.4964,4.3485,0.1479
dominating,2,3,11,4.3246,4.3301,-0.0055
dominating,2,3,12,4.5341,3.6487,0.8854
dominating,2,3,13,4.4945,4.3926,0.1019
dominating,2,3,15,4.3495,4.2923,0.0572
dominating,2,3,17,4.4943,4.2699,0.2244
dominating,2,3,19,4.2808,4.2281,0.0527
dominating,2,3,20,4.2718,4.2581,0.0137
dominating,2,3,21,4.35,4.0119,0.3381
dominating,2,3,23,4.4922,4.3317,0.1605
dominating,2,3,24,4.3187,3.9303,0.3884
dominating,2,3,25,4.5133,4.3465,0.1668
dominating,2,3,26,4.3281,4.0067,0.3214
dominating,2,3,27,4.3264,4.078,0.2484
dominating,2,3,28,4.4887,4.1928,0.2959
dominating,2,3,29,4.2809,3.9073,0.3736
dominating,2,3,30,4.5269,4.3977,0.1292
dominating,2,4,1,4.3587,4.3219,0.0368
dominating,2,4,2,4.2963,3.9814,0.3149
dominating,2,4,3,4.3233,3.8458,0.4775
dominating,2,4,4,4.2767,4.2644,0.0123
dominating,2,4,5,4.3068,4.1362,0.1706
dominating,2,4,7,4.4723,4.1308,0.3415
dominating,2,4,8,4.2983,4.2744,0.0239
dominating,2,4,9,4.3922,4.1625,0.2297
dominating,2,4,10,4.4964,3.9796,0.5168
dominating,2,4,11,4.3246,3.9972,0.3274
dominating,2,4,12,4.5341,4.4121,0.122
dominating,2,4,13,4.4945,4.2484,0.2461
dominating,2,4,15,4.3495,4.2606,0.0889
dominating,2,4,16,4.304,3.9238,0.3802
dominating,2,4,17,4.4943,4.177,0.3173
dominating,2,4,19,4.2808,3.9131,0.3677
dominating,2,4,20,4.2718,3.9801,0.2917
dominating,2,4,21,4.35,3.895,0.455
dominating,2,4,23,4.4922,4.3784,0.1138
dominating,2,4,24,4.3187,3.5115,0.8072
dominating,2,4,25,4.5133,4.0288,0.4845
dominating,2,4,26,4.3281,3.7956,0.5325
dominating,2,4,27,4.3264,4.2859,0.0405
dominating,2,4,28,4.4887,4.1423,0.3464
dominating,2,4,29,4.2809,3.6928,0.5881
dominating,2,4,30,4.5269,3.8135,0.7134
dominating,2,6,1,4.3587,3.2572,1.1015
dominating,2,6,2,4.2963,3.2703,1.026
dominating,2,6,3,4.3233,3.282,1.0413
dominating,2,6,4,4.2767,3.2561,1.0206
dominating,2,6,5,4.3068,3.2791,1.0277
dominating,2,6,7,4.4723,3.251,1.2213
dominating,2,6,8,4.2983,3.2495,1.0488
dominating,2,6,9,4.3922,3.2856,1.1066
dominating,2,6,10,4.4964,3.2708,1.2256
dominating,2,6,11,4.3246,3.2698,1.0548
dominating,2,6,12,4.5341,3.2885,1.2456
dominating,2,6,13,4.4945,3.2488,1.2457
dominating,2,6,15,4.3495,3.2879,1.0616
dominating,2,6,16,4.304,3.2559,1.0481
dominating,2,6,17,4.4943,3.2698,1.2245
dominating,2,6,19,4.2808,3.2735,1.0073
dominating,2,6,20,4.2718,3.2449,1.0269
dominating,2,6,21,4.35,3.2903,1.0597
dominating,2,6,23,4.4922,3.2464,1.2458
dominating,2,6,24,4.3187,3.2753,1.0434
dominating,2,6,25,4.5133,3.2587,1.2546
dominating,2,6,26,4.3281,3.2906,1.0375
dominating,2,6,27,4.3264,3.2729,1.0535
dominating,2,6,28,4.4887,3.2415,1.2472
dominating,2,6,29,4.2809,3.2445,1.0364
dominating,2,6,30,4.5269,3.2979,1.229
dominating,2,5,1,4.3587,3.264,1.0947
dominating,2,5,2,4.2963,3.2473,1.049
dominating,2,5,3,4.3233,3.3839,0.9394
dominating,2,5,4,4.2767,3.2574,1.0193
dominating,2,5,5,4.3068,3.2493,1.0575
dominating,2,5,7,4.4723,3.2301,1.2422
dominating,2,5,8,4.2983,3.252,1.0463
dominating,2,5,9,4.3922,3.2729,1.1193
dominating,2,5,10,4.4964,3.2639,1.2325
dominating,2,5,11,4.3246,3.264,1.0606
dominating,2,5,12,4.5341,3.2712,1.2629
dominating,2,5,13,4.4945,3.2558,1.2387
dominating,2,5,15,4.3495,3.268,1.0815
dominating,2,5,16,4.304,3.267,1.037
dominating,2,5,17,4.4943,3.2489,1.2454
dominating,2,5,19,4.2808,3.2478,1.033
dominating,2,5,20,4.2718,3.246,1.0258
dominating,2,5,21,4.35,3.2386,1.1114
dominating,2,5,23,4.4922,3.2501,1.2421
dominating,2,5,24,4.3187,3.2485,1.0702
dominating,2,5,25,4.5133,3.3673,1.146
dominating,2,5,26,4.3281,3.2607,1.0674
dominating,2,5,27,4.3264,3.2525,1.0739
dominating,2,5,28,4.4887,3.2552,1.2335
dominating,2,5,29,4.2809,3.2536,1.0273
dominating,2,5,30,4.5269,3.2714,1.2555
dominating,3,4,1,3.6344,4.3219,-0.6875
dominating,3,4,2,3.8086,3.9814,-0.1728
dominating,3,4,3,3.9236,3.8458,0.0778
dominating,3,4,4,4.2679,4.2644,0.0035
dominating,3,4,5,4.3798,4.1362,0.2436
dominating,3,4,6,4.1559,4.3293,-0.1734
dominating,3,4,7,3.8969,4.1308,-0.2339
dominating,3,4,8,4.1307,4.2744,-0.1437
dominating,3,4,10,4.3485,3.9796,0.3689
dominating,3,4,11,4.3301,3.9972,0.3329
dominating,3,4,12,3.6487,4.4121,-0.7634
dominating,3,4,13,4.3926,4.2484,0.1442
dominating,3,4,14,4.0481,4.2892,-0.2411
dominating,3,4,15,4.2923,4.2606,0.0317
dominating,3,4,17,4.2699,4.177,0.0929
dominating,3,4,18,4.3135,4.3997,-0.0862
dominating,3,4,19,4.2281,3.9131,0.315
dominating,3,4,20,4.2581,3.9801,0.278
dominating,3,4,21,4.0119,3.895,0.1169
dominating,3,4,22,4.3953,4.1351,0.2602
dominating,3,4,23,4.3317,4.3784,-0.0467
dominating,3,4,24,3.9303,3.5115,0.4188
dominating,3,4,25,4.3465,4.0288,0.3177
dominating,3,4,26,4.0067,3.7956,0.2111
dominating,3,4,27,4.078,4.2859,-0.2079
dominating,3,4,28,4.1928,4.1423,0.0505
dominating,3,4,29,3.9073,3.6928,0.2145
dominating,3,4,30,4.3977,3.8135,0.5842
dominating,3,6,1,3.6344,3.2572,0.3772
dominating,3,6,2,3.8086,3.2703,0.5383
dominating,3,6,3,3.9236,3.282,0.6416
dominating,3,6,4,4.2679,3.2561,1.0118
dominating,3,6,5,4.3798,3.2791,1.1007
dominating,3,6,6,4.1559,3.2653,0.8906
dominating,3,6,7,3.8969,3.251,0.6459
dominating,3,6,8,4.1307,3.2495,0.8812
dominating,3,6,10,4.3485,3.2708,1.0777
dominating,3,6,11,4.3301,3.2698,1.0603
dominating,3,6,12,3.6487,3.2885,0.3602
dominating,3,6,13,4.3926,3.2488,1.1438
dominating,3,6,14,4.0481,3.2817,0.7664
dominating,3,6,15,4.2923,3.2879,1.0044
dominating,3,6,17,4.2699,3.2698,1.0001
dominating,3,6,18,4.3135,3.2912,1.0223
dominating,3,6,19,4.2281,3.2735,0.9546
dominating,3,6,20,4.2581,3.2449,1.0132
dominating,3,6,21,4.0119,3.2903,0.7216
dominating,3,6,22,4.3953,3.2383,1.157
dominating,3,6,23,4.3317,3.2464,1.0853
dominating,3,6,24,3.9303,3.2753,0.655
dominating,3,6,25,4.3465,3.2587,1.0878
dominating,3,6,26,4.0067,3.2906,0.7161
dominating,3,6,27,4.078,3.2729,0.8051
dominating,3,6,28,4.1928,3.2415,0.9513
dominating,3,6,29,3.9073,3.2445,0.6628
dominating,3,6,30,4.3977,3.2979,1.0998
dominating,3,5,1,3.6344,3.264,0.3704
dominating,3,5,2,3.8086,3.2473,0.5613
dominating,3,5,3,3.9236,3.3839,0.5397
dominating,3,5,4,4.2679,3.2574,1.0105
dominating,3,5,5,4.3798,3.2493,1.1305
dominating,3,5,6,4.1559,3.2641,0.8918
dominating,3,5,7,3.8969,3.2301,0.6668
dominating,3,5,8,4.1307,3.252,0.8787
dominating,3,5,10,4.3485,3.2639,1.0846
dominating,3,5,11,4.3301,3.264,1.0661
dominating,3,5,12,3.6487,3.2712,0.3775
dominating,3,5,13,4.3926,3.2558,1.1368
dominating,3,5,14,4.0481,3.2561,0.792
dominating,3,5,15,4.2923,3.268,1.0243
dominating,3,5,17,4.2699,3.2489,1.021
dominating,3,5,18,4.3135,3.2899,1.0236
dominating,3,5,19,4.2281,3.2478,0.9803
dominating,3,5,20,4.2581,3.246,1.0121
dominating,3,5,21,4.0119,3.2386,0.7733
dominating,3,5,22,4.3953,3.2457,1.1496
dominating,3,5,23,4.3317,3.2501,1.0816
dominating,3,5,24,3.9303,3.2485,0.6818
dominating,3,5,25,4.3465,3.3673,0.9792
dominating,3,5,26,4.0067,3.2607,0.746
dominating,3,5,27,4.078,3.2525,0.8255
dominating,3,5,28,4.1928,3.2552,0.9376
dominating,3,5,29,3.9073,3.2536,0.6537
dominating,3,5,30,4.3977,3.2714,1.1263
dominating,4,6,1,4.3219,3.2572,1.0647
dominating,4,6,2,3.9814,3.2703,0.7111
dominating,4,6,3,3.8458,3.282,0.5638
dominating,4,6,4,4.2644,3.2561,1.0083
dominating,4,6,5,4.1362,3.2791,0.8571
dominating,4,6,6,4.3293,3.2653,1.064
dominating,4,6,7,4.1308,3.251,0.8798
dominating,4,6,8,4.2744,3.2495,1.0249
dominating,4,6,9,4.1625,3.2856,0.8769
dominating,4,6,10,3.9796,3.2708,0.7088
dominating,4,6,11,3.9972,3.2698,0.7274
dominating,4,6,12,4.4121,3.2885,1.1236
dominating,4,6,13,4.2484,3.2488,0.9996
dominating,4,6,14,4.2892,3.2817,1.0075
dominating,4,6,15,4.2606,3.2879,0.9727
dominating,4,6,16,3.9238,3.2559,0.6679
dominating,4,6,17,4.177,3.2698,0.9072
dominating,4,6,18,4.3997,3.2912,1.1085
dominating,4,6,19,3.9131,3.2735,0.6396
dominating,4,6,20,3.9801,3.2449,0.7352
dominating,4,6,21,3.895,3.2903,0.6047
dominating,4,6,22,4.1351,3.2383,0.8968
dominating,4,6,23,4.3784,3.2464,1.132
dominating,4,6,24,3.5115,3.2753,0.2362
dominating,4,6,25,4.0288,3.2587,0.7701
dominating,4,6,26,3.7956,3.2906,0.505
dominating,4,6,27,4.2859,3.2729,1.013
dominating,4,6,28,4.1423,3.2415,0.9008
dominating,4,6,29,3.6928,3.2445,0.4483
dominating,4,6,30,3.8135,3.2979,0.5156
dominating,4,5,1,4.3219,3.264,1.0579
dominating,4,5,2,3.9814,3.2473,0.7341
dominating,4,5,3,3.8458,3.3839,0.4619
dominating,4,5,4,4.2644,3.2574,1.007
dominating,4,5,5,4.1362,3.2493,0.8869
dominating,4,5,6,4.3293,3.2641,1.0652
dominating,4,5,7,4.1308,3.2301,0.9007
dominating,4,5,8,4.2744,3.252,1.0224
dominating,4,5,9,4.1625,3.2729,0.8896
dominating,4,5,10,3.9796,3.2639,0.7157
dominating,4,5,11,3.9972,3.264,0.7332
dominating,4,5,12,4.4121,3.2712,1.1409
dominating,4,5,13,4.2484,3.2558,0.9926
dominating,4,5,14,4.2892,3.2561,1.0331
dominating,4,5,15,4.2606,3.268,0.9926
dominating,4,5,16,3.9238,3.267,0.6568
dominating,4,5,17,4.177,3.2489,0.9281
dominating,4,5,18,4.3997,3.2899,1.1098
dominating,4,5,19,3.9131,3.2478,0.6653
dominating,4,5,20,3.9801,3.246,0.7341
dominating,4,5,21,3.895,3.2386,0.6564
dominating,4,5,22,4.1351,3.2457,0.8894
dominating,4,5,23,4.3784,3.2501,1.1283
dominating,4,5,24,3.5115,3.2485,0.263
dominating,4,5,25,4.0288,3.3673,0.6615
dominating,4,5,26,3.7956,3.2607,0.5349
dominating,4,5,27,4.2859,3.2525,1.0334
dominating,4,5,28,4.1423,3.2552,0.8871
dominating,4,5,29,3.6928,3.2536,0.4392
dominating,4,5,30,3.8135,3.2714,0.5421
dominating,6,5,1,3.2572,3.264,-0.0068
dominating,6,5,2,3.2703,3.2473,0.023
dominating,6,5,3,3.282,3.3839,-0.1019
dominating,6,5,4,3.2561,3.2574,-0.0013
dominating,6,5,5,3.2791,3.2493,0.0298
dominating,6,5,6,3.2653,3.2641,0.0012
dominating,6,5,7,3.251,3.2301,0.0209
dominating,6,5,8,3.2495,3.252,-0.0025
dominating,6,5,9,3.2856,3.2729,0.0127
dominating,6,5,10,3.2708,3.2639,0.0069
dominating,6,5,11,3.2698,3.264,0.0058
dominating,6,5,12,3.2885,3.2712,0.0173
dominating,6,5,13,3.2488,3.2558,-0.007
dominating,6,5,14,3.2817,3.2561,0.0256
dominating,6,5,15,3.2879,3.268,0.0199
dominating,6,5,16,3.2559,3.267,-0.0111
dominating,6,5,17,3.2698,3.2489,0.0209
dominating,6,5,18,3.2912,3.2899,0.0013
dominating,6,5,19,3.2735,3.2478,0.0257
dominating,6,5,20,3.2449,3.246,-0.0011
dominating,6,5,21,3.2903,3.2386,0.0517
dominating,6,5,22,3.2383,3.2457,-0.0074
dominating,6,5,23,3.2464,3.2501,-0.0037
dominating,6,5,24,3.2753,3.2485,0.0268
dominating,6,5,25,3.2587,3.3673,-0.1086
dominating,6,5,26,3.2906,3.2607,0.0299
dominating,6,5,27,3.2729,3.2525,0.0204
dominating,6,5,28,3.2415,3.2552,-0.0137
dominating,6,5,29,3.2445,3.2536,-0.0091
dominating,6,5,30,3.2979,3.2714,0.0265
competing,0,1,1,3.4679,4.1408,-0.6729
competing,0,1,2,3.3937,6.6423,-3.2486
competing,0,1,3,3.4035,5.3808,-1.9773
competing,0,1,4,3.4614,6.7344,-3.273
competing,0,1,9,3.3944,7.1506,-3.7562
competing,0,1,10,3.599,7.3721,-3.7731
competing,0,1,20,3.423,4.0997,-0.6767
competing,0,1,22,4.0985,7.6782,-3.5797
competing,0,1,24,3.3828,7.1921,-3.8093
competing,0,1,25,3.4139,4.618,-1.2041
competing,0,1,27,3.4061,5.301,-1.8949
competing,0,1,29,3.4033,6.8959,-3.4926
competing,0,1,30,3.4079,18.6596,-15.2517
competing,0,2,1,3.4679,4.2356,-0.7677
competing,0,2,2,3.3937,6.6423,-3.2486
competing,0,2,3,3.4035,4.1719,-0.7684
competing,0,2,4,3.4614,7.145,-3.6836
competing,0,2,9,3.3944,7.1506,-3.7562
competing,0,2,10,3.599,7.3721,-3.7731
competing,0,2,22,4.0985,7.6514,-3.5529
competing,0,2,24,3.3828,6.9147,-3.5319
competing,0,2,25,3.4139,4.3981,-0.9842
competing,0,2,27,3.4061,4.3444,-0.9383
competing,0,2,29,3.4033,6.8959,-3.4926
competing,0,2,30,3.4079,18.6596,-15.2517
competing,0,3,1,3.4679,5.3506,-1.8827
competing,0,3,2,3.3937,4.1213,-0.7276
competing,0,3,3,3.4035,7.0579,-3.6544
competing,0,3,4,3.4614,6.5219,-3.0605
competing,0,3,9,3.3944,7.088,-3.6936
competing,0,3,10,3.599,6.1397,-2.5407
competing,0,3,20,3.423,5.244,-1.821
competing,0,3,22,4.0985,7.2676,-3.1691
competing,0,3,24,3.3828,6.5904,-3.2076
competing,0,3,25,3.4139,4.5575,-1.1436
competing,0,3,27,3.4061,5.7617,-2.3556
competing,0,3,29,3.4033,6.977,-3.5737
competing,0,3,30,3.4079,8.0992,-4.6913
competing,0,4,1,3.4679,4.1408,-0.6729
competing,0,4,2,3.3937,6.6423,-3.2486
competing,0,4,3,3.4035,5.7705,-2.367
competing,0,4,4,3.4614,7.6608,-4.1994
competing,0,4,9,3.3944,7.2104,-3.816
competing,0,4,10,3.599,7.8257,-4.2267
competing,0,4,20,3.423,5.5102,-2.0872
competing,0,4,22,4.0985,8.226,-4.1275
competing,0,4,24,3.3828,7.8593,-4.4765
competing,0,4,25,3.4139,4.618,-1.2041
competing,0,4,27,3.4061,5.8075,-2.4014
competing,0,4,29,3.4033,6.8959,-3.4926
competing,0,4,30,3.4079,18.6596,-15.2517
competing,0,6,1,3.4679,3.451,0.0169
competing,0,6,3,3.4035,3.4358,-0.0323
competing,0,6,4,3.4614,3.448,0.0134
competing,0,6,9,3.3944,3.3683,0.0261
competing,0,6,20,3.423,3.3992,0.0238
competing,0,6,24,3.3828,3.3831,-0.0003
competing,0,6,25,3.4139,3.3812,0.0327
competing,0,6,27,3.4061,3.391,0.0151
competing,0,6,29,3.4033,3.3612,0.0421
competing,0,6,30,3.4079,3.4587,-0.0508
competing,0,5,1,3.4679,3.4418,0.0261
competing,0,5,3,3.4035,3.4265,-0.023
competing,0,5,4,3.4614,3.4681,-0.0067
competing,0,5,9,3.3944,3.3833,0.0111
competing,0,5,20,3.423,3.4164,0.0066
competing,0,5,24,3.3828,3.3991,-0.0163
competing,0,5,25,3.4139,3.3926,0.0213
competing,0,5,27,3.4061,3.4057,0.0004
competing,0,5,29,3.4033,3.3707,0.0326
competing,0,5,30,3.4079,3.4587,-0.0508
competing,1,2,1,4.1408,4.2356,-0.0948
competing,1,2,2,6.6423,6.6423,0
competing,1,2,3,5.3808,4.1719,1.2089
competing,1,2,4,6.7344,7.145,-0.4106
competing,1,2,5,5.7516,4.8096,0.942
competing,1,2,6,6.4103,6.4103,0
competing,1,2,8,4.1663,5.2097,-1.0434
competing,1,2,9,7.1506,7.1506,0
competing,1,2,10,7.3721,7.3721,0
competing,1,2,11,7.504,7.3899,0.1141
competing,1,2,13,8.0007,8.0007,0
competing,1,2,15,7.2622,6.7151,0.5471
competing,1,2,16,5.6366,5.6571,-0.0205
competing,1,2,17,7.3152,7.3152,0
competing,1,2,18,7.9786,7.8258,0.1528
competing,1,2,19,6.9158,6.9158,0
competing,1,2,21,5.4475,6.073,-0.6255
competing,1,2,22,7.6782,7.6514,0.0268
competing,1,2,24,7.1921,6.9147,0.2774
competing,1,2,25,4.618,4.3981,0.2199
competing,1,2,26,7.1263,6.9335,0.1928
competing,1,2,27,5.301,4.3444,0.9566
competing,1,2,28,6.695,6.695,0
competing,1,2,29,6.8959,6.8959,0
competing,1,2,30,18.6596,18.6596,0
competing,1,3,1,4.1408,5.3506,-1.2098
competing,1,3,2,6.6423,4.1213,2.521
competing,1,3,3,5.3808,7.0579,-1.6771
competing,1,3,4,6.7344,6.5219,0.2125
competing,1,3,5,5.7516,4.3144,1.4372
competing,1,3,6,6.4103,6.0816,0.3287
competing,1,3,7,4.0567,4.0377,0.019
competing,1,3,8,4.1663,6.9677,-2.8014
competing,1,3,9,7.1506,7.088,0.0626
competing,1,3,10,7.3721,6.1397,1.2324
competing,1,3,11,7.504,7.0108,0.4932
competing,1,3,12,4.5961,4.1223,0.4738
competing,1,3,13,8.0007,7.0071,0.9936
competing,1,3,14,4.553,4.3195,0.2335
competing,1,3,15,7.2622,7.0179,0.2443
competing,1,3,16,5.6366,6.8628,-1.2262
competing,1,3,17,7.3152,7.114,0.2012
competing,1,3,18,7.9786,7.5185,0.4601
competing,1,3,19,6.9158,7.4933,-0.5775
competing,1,3,20,4.0997,5.244,-1.1443
competing,1,3,21,5.4475,5.7849,-0.3374
competing,1,3,22,7.6782,7.2676,0.4106
competing,1,3,24,7.1921,6.5904,0.6017
competing,1,3,25,4.618,4.5575,0.0605
competing,1,3,26,7.1263,6.6322,0.4941
competing,1,3,27,5.301,5.7617,-0.4607
competing,1,3,28,6.695,6.971,-0.276
competing,1,3,29,6.8959,6.977,-0.0811
competing,1,3,30,18.6596,8.0992,10.5604
competing,1,4,1,4.1408,4.1408,0
competing,1,4,2,6.6423,6.6423,0
competing,1,4,3,5.3808,5.7705,-0.3897
competing,1,4,4,6.7344,7.6608,-0.9264
competing,1,4,5,5.7516,6.0269,-0.2753
competing,1,4,6,6.4103,7.297,-0.8867
competing,1,4,7,4.0567,4.1421,-0.0854
competing,1,4,8,4.1663,4.9629,-0.7966
competing,1,4,9,7.1506,7.2104,-0.0598
competing,1,4,10,7.3721,7.8257,-0.4536
competing,1,4,11,7.504,7.8355,-0.3315
competing,1,4,12,4.5961,5.6871,-1.091
competing,1,4,13,8.0007,8.4447,-0.444
competing,1,4,14,4.553,4.6571,-0.1041
competing,1,4,15,7.2622,7.7795,-0.5173
competing,1,4,16,5.6366,5.9427,-0.3061
competing,1,4,17,7.3152,7.6806,-0.3654
competing,1,4,18,7.9786,8.1818,-0.2032
competing,1,4,19,6.9158,6.9158,0
competing,1,4,20,4.0997,5.5102,-1.4105
competing,1,4,21,5.4475,5.7545,-0.307
competing,1,4,22,7.6782,8.226,-0.5478
competing,1,4,24,7.1921,7.8593,-0.6672
competing,1,4,25,4.618,4.618,0
competing,1,4,26,7.1263,7.2234,-0.0971
competing,1,4,27,5.301,5.8075,-0.5065
competing,1,4,28,6.695,7.2163,-0.5213
competing,1,4,29,6.8959,6.8959,0
competing,1,4,30,18.6596,18.6596,0
competing,1,6,1,4.1408,3.451,0.6898
competing,1,6,3,5.3808,3.4358,1.945
competing,1,6,4,6.7344,3.448,3.2864
competing,1,6,9,7.1506,3.3683,3.7823
competing,1,6,13,8.0007,3.4068,4.5939
competing,1,6,14,4.553,3.3772,1.1758
competing,1,6,20,4.0997,3.3992,0.7005
competing,1,6,24,7.1921,3.3831,3.809
competing,1,6,25,4.618,3.3812,1.2368
competing,1,6,27,5.301,3.391,1.91
competing,1,6,28,6.695,3.5794,3.1156
competing,1,6,29,6.8959,3.3612,3.5347
competing,1,6,30,18.6596,3.4587,15.2009
competing,1,5,1,4.1408,3.4418,0.699
competing,1,5,3,5.3808,3.4265,1.9543
competing,1,5,4,6.7344,3.4681,3.2663
competing,1,5,9,7.1506,3.3833,3.7673
competing,1,5,13,8.0007,3.4021,4.5986
competing,1,5,14,4.553,3.3912,1.1618
competing,1,5,20,4.0997,3.4164,0.6833
competing,1,5,24,7.1921,3.3991,3.793
competing,1,5,25,4.618,3.3926,1.2254
competing,1,5,27,5.301,3.4057,1.8953
competing,1,5,28,6.695,3.593,3.102
competing,1,5,29,6.8959,3.3707,3.5252
competing,1,5,30,18.6596,3.4587,15.2009
competing,2,3,1,4.2356,5.3506,-1.115
competing,2,3,2,6.6423,4.1213,2.521
competing,2,3,3,4.1719,7.0579,-2.886
competing,2,3,4,7.145,6.5219,0.6231
competing,2,3,5,4.8096,4.3144,0.4952
competing,2,3,6,6.4103,6.0816,0.3287
competing,2,3,8,5.2097,6.9677,-1.758
competing,2,3,9,7.1506,7.088,0.0626
competing,2,3,10,7.3721,6.1397,1.2324
competing,2,3,11,7.3899,7.0108,0.3791
competing,2,3,13,8.0007,7.0071,0.9936
competing,2,3,15,6.7151,7.0179,-0.3028
competing,2,3,16,5.6571,6.8628,-1.2057
competing,2,3,17,7.3152,7.114,0.2012
competing,2,3,18,7.8258,7.5185,0.3073
competing,2,3,19,6.9158,7.4933,-0.5775
competing,2,3,21,6.073,5.7849,0.2881
competing,2,3,22,7.6514,7.2676,0.3838
competing,2,3,23,4.3991,5.7874,-1.3883
competing,2,3,24,6.9147,6.5904,0.3243
competing,2,3,25,4.3981,4.5575,-0.1594
competing,2,3,26,6.9335,6.6322,0.3013
competing,2,3,27,4.3444,5.7617,-1.4173
competing,2,3,28,6.695,6.971,-0.276
competing,2,3,29,6.8959,6.977,-0.0811
competing,2,3,30,18.6596,8.0992,10.5604
competing,2,4,1,4.2356,4.1408,0.0948
competing,2,4,2,6.6423,6.6423,0
competing,2,4,3,4.1719,5.7705,-1.5986
competing,2,4,4,7.145,7.6608,-0.5158
competing,2,4,5,4.8096,6.0269,-1.2173
competing,2,4,6,6.4103,7.297,-0.8867
competing,2,4,8,5.2097,4.9629,0.2468
competing,2,4,9,7.1506,7.2104,-0.0598
competing,2,4,10,7.3721,7.8257,-0.4536
competing,2,4,11,7.3899,7.8355,-0.4456
competing,2,4,13,8.0007,8.4447,-0.444
competing,2,4,15,6.7151,7.7795,-1.0644
competing,2,4,16,5.6571,5.9427,-0.2856
competing,2,4,17,7.3152,7.6806,-0.3654
competing,2,4,18,7.8258,8.1818,-0.356
competing,2,4,19,6.9158,6.9158,0
competing,2,4,21,6.073,5.7545,0.3185
competing,2,4,22,7.6514,8.226,-0.5746
competing,2,4,23,4.3991,4.3319,0.0672
competing,2,4,24,6.9147,7.8593,-0.9446
competing,2,4,25,4.3981,4.618,-0.2199
competing,2,4,26,6.9335,7.2234,-0.2899
competing,2,4,27,4.3444,5.8075,-1.4631
competing,2,4,28,6.695,7.2163,-0.5213
competing,2,4,29,6.8959,6.8959,0
competing,2,4,30,18.6596,18.6596,0
competing,2,6,1,4.2356,3.451,0.7846
competing,2,6,3,4.1719,3.4358,0.7361
competing,2,6,4,7.145,3.448,3.697
competing,2,6,9,7.1506,3.3683,3.7823
competing,2,6,13,8.0007,3.4068,4.5939
competing,2,6,24,6.9147,3.3831,3.5316
competing,2,6,25,4.3981,3.3812,1.0169
competing,2,6,27,4.3444,3.391,0.9534
competing,2,6,28,6.695,3.5794,3.1156
competing,2,6,29,6.8959,3.3612,3.5347
competing,2,6,30,18.6596,3.4587,15.2009
competing,2,5,1,4.2356,3.4418,0.7938
competing,2,5,3,4.1719,3.4265,0.7454
competing,2,5,4,7.145,3.4681,3.6769
competing,2,5,9,7.1506,3.3833,3.7673
competing,2,5,13,8.0007,3.4021,4.5986
competing,2,5,24,6.9147,3.3991,3.5156
competing,2,5,25,4.3981,3.3926,1.0055
competing,2,5,27,4.3444,3.4057,0.9387
competing,2,5,28,6.695,3.593,3.102
competing,2,5,29,6.8959,3.3707,3.5252
competing,2,5,30,18.6596,3.4587,15.2009
competing,3,4,1,5.3506,4.1408,1.2098
competing,3,4,2,4.1213,6.6423,-2.521
competing,3,4,3,7.0579,5.7705,1.2874
competing,3,4,4,6.5219,7.6608,-1.1389
competing,3,4,5,4.3144,6.0269,-1.7125
competing,3,4,6,6.0816,7.297,-1.2154
competing,3,4,7,4.0377,4.1421,-0.1044
competing,3,4,8,6.9677,4.9629,2.0048
competing,3,4,9,7.088,7.2104,-0.1224
competing,3,4,10,6.1397,7.8257,-1.686
competing,3,4,11,7.0108,7.8355,-0.8247
competing,3,4,12,4.1223,5.6871,-1.5648
competing,3,4,13,7.0071,8.4447,-1.4376
competing,3,4,14,4.3195,4.6571,-0.3376
competing,3,4,15,7.0179,7.7795,-0.7616
competing,3,4,16,6.8628,5.9427,0.9201
competing,3,4,17,7.114,7.6806,-0.5666
competing,3,4,18,7.5185,8.1818,-0.6633
competing,3,4,19,7.4933,6.9158,0.5775
competing,3,4,20,5.244,5.5102,-0.2662
competing,3,4,21,5.7849,5.7545,0.0304
competing,3,4,22,7.2676,8.226,-0.9584
competing,3,4,23,5.7874,4.3319,1.4555
competing,3,4,24,6.5904,7.8593,-1.2689
competing,3,4,25,4.5575,4.618,-0.0605
competing,3,4,26,6.6322,7.2234,-0.5912
competing,3,4,27,5.7617,5.8075,-0.0458
competing,3,4,28,6.971,7.2163,-0.2453
competing,3,4,29,6.977,6.8959,0.0811
competing,3,4,30,8.0992,18.6596,-10.5604
competing,3,6,1,5.3506,3.451,1.8996
competing,3,6,3,7.0579,3.4358,3.6221
competing,3,6,4,6.5219,3.448,3.0739
competing,3,6,9,7.088,3.3683,3.7197
competing,3,6,13,7.0071,3.4068,3.6003
competing,3,6,14,4.3195,3.3772,0.9423
competing,3,6,20,5.244,3.3992,1.8448
competing,3,6,24,6.5904,3.3831,3.2073
competing,3,6,25,4.5575,3.3812,1.1763
competing,3,6,27,5.7617,3.391,2.3707
competing,3,6,28,6.971,3.5794,3.3916
competing,3,6,29,6.977,3.3612,3.6158
competing,3,6,30,8.0992,3.4587,4.6405
competing,3,5,1,5.3506,3.4418,1.9088
competing,3,5,3,7.0579,3.4265,3.6314
competing,3,5,4,6.5219,3.4681,3.0538
competing,3,5,9,7.088,3.3833,3.7047
competing,3,5,13,7.0071,3.4021,3.605
competing,3,5,14,4.3195,3.3912,0.9283
competing,3,5,20,5.244,3.4164,1.8276
competing,3,5,24,6.5904,3.3991,3.1913
competing,3,5,25,4.5575,3.3926,1.1649
competing,3,5,27,5.7617,3.4057,2.356
competing,3,5,28,6.971,3.593,3.378
competing,3,5,29,6.977,3.3707,3.6063
competing,3,5,30,8.0992,3.4587,4.6405
competing,4,6,1,4.1408,3.451,0.6898
competing,4,6,3,5.7705,3.4358,2.3347
competing,4,6,4,7.6608,3.448,4.2128
competing,4,6,9,7.2104,3.3683,3.8421
competing,4,6,13,8.4447,3.4068,5.0379
competing,4,6,14,4.6571,3.3772,1.2799
competing,4,6,20,5.5102,3.3992,2.111
competing,4,6,24,7.8593,3.3831,4.4762
competing,4,6,25,4.618,3.3812,1.2368
competing,4,6,27,5.8075,3.391,2.4165
competing,4,6,28,7.2163,3.5794,3.6369
competing,4,6,29,6.8959,3.3612,3.5347
competing,4,6,30,18.6596,3.4587,15.2009
competing,4,5,1,4.1408,3.4418,0.699
competing,4,5,3,5.7705,3.4265,2.344
competing,4,5,4,7.6608,3.4681,4.1927
competing,4,5,9,7.2104,3.3833,3.8271
competing,4,5,13,8.4447,3.4021,5.0426
competing,4,5,14,4.6571,3.3912,1.2659
competing,4,5,20,5.5102,3.4164,2.0938
competing,4,5,24,7.8593,3.3991,4.4602
competing,4,5,25,4.618,3.3926,1.2254
competing,4,5,27,5.8075,3.4057,2.4018
competing,4,5,28,7.2163,3.593,3.6233
competing,4,5,29,6.8959,3.3707,3.5252
competing,4,5,30,18.6596,3.4587,15.2009
competing,6,5,1,3.451,3.4418,0.0092
competing,6,5,3,3.4358,3.4265,0.0093
competing,6,5,4,3.448,3.4681,-0.0201
competing,6,5,9,3.3683,3.3833,-0.015
competing,6,5,13,3.4068,3.4021,0.0047
competing,6,5,14,3.3772,3.3912,-0.014
competing,6,5,20,3.3992,3.4164,-0.0172
competing,6,5,24,3.3831,3.3991,-0.016
competing,6,5,25,3.3812,3.3926,-0.0114
competing,6,5,27,3.391,3.4057,-0.0147
competing,6,5,28,3.5794,3.593,-0.0136
competing,6,5,29,3.3612,3.3707,-0.0095
competing,6,5,30,3.4587,3.4587,0
degrade,0,1,1,7.1455,7.3272,-0.1817
degrade,0,1,2,6.3142,6.8821,-0.5679
degrade,0,1,3,6.3399,6.5686,-0.2287
degrade,0,1,4,6.3898,7.1181,-0.7283
degrade,0,1,5,6.3396,6.8468,-0.5072
degrade,0,1,6,6.3394,6.826,-0.4866
degrade,0,1,7,6.3777,9.1054,-2.7277
degrade,0,1,8,6.4155,7.0808,-0.6653
degrade,0,1,9,6.3518,7.3485,-0.9967
degrade,0,1,10,6.3016,6.5071,-0.2055
degrade,0,1,11,6.4624,7.0372,-0.5748
degrade,0,1,12,6.3651,7.044,-0.6789
degrade,0,1,13,6.4153,7.1482,-0.7329
degrade,0,1,14,6.3773,7.118,-0.7407
degrade,0,1,15,6.4633,7.2036,-0.7403
degrade,0,1,16,6.4144,6.6764,-0.262
degrade,0,1,17,6.3517,7.3576,-1.0059
degrade,0,1,18,6.4265,7.2043,-0.7778
degrade,0,1,19,6.3272,6.6692,-0.342
degrade,0,1,20,6.2263,6.5527,-0.3264
degrade,0,1,21,6.4038,6.9254,-0.5216
degrade,0,1,22,6.3904,6.6959,-0.3055
degrade,0,1,23,6.3288,7.0634,-0.7346
degrade,0,1,24,6.1246,6.6182,-0.4936
degrade,0,1,25,6.402,7.0484,-0.6464
degrade,0,1,26,6.3635,6.4063,-0.0428
degrade,0,1,27,6.4144,7.22,-0.8056
degrade,0,1,28,6.3749,7.0701,-0.6952
degrade,0,1,29,6.3519,6.6274,-0.2755
degrade,0,1,30,6.4405,6.6416,-0.2011
degrade,0,2,1,7.1455,7.6505,-0.505
degrade,0,2,2,6.3142,7.141,-0.8268
degrade,0,2,3,6.3399,7.1907,-0.8508
degrade,0,2,4,6.3898,7.2719,-0.8821
degrade,0,2,5,6.3396,7.1482,-0.8086
degrade,0,2,6,6.3394,7.1698,-0.8304
degrade,0,2,7,6.3777,7.6295,-1.2518
degrade,0,2,8,6.4155,7.2139,-0.7984
degrade,0,2,9,6.3518,7.643,-1.2912
degrade,0,2,10,6.3016,7.6616,-1.36
degrade,0,2,11,6.4624,7.2017,-0.7393
degrade,0,2,12,6.3651,7.7826,-1.4175
degrade,0,2,13,6.4153,7.523,-1.1077
degrade,0,2,14,6.3773,7.1012,-0.7239
degrade,0,2,15,6.4633,8.4137,-1.9504
degrade,0,2,16,6.4144,7.1671,-0.7527
degrade,0,2,17,6.3517,7.5415,-1.1898
degrade,0,2,18,6.4265,7.2377,-0.8112
degrade,0,2,19,6.3272,7.1202,-0.793
degrade,0,2,20,6.2263,6.9147,-0.6884
degrade,0,2,21,6.4038,7.4424,-1.0386
degrade,0,2,22,6.3904,7.7521,-1.3617
degrade,0,2,23,6.3288,7.8075,-1.4787
degrade,0,2,24,6.1246,7.1682,-1.0436
degrade,0,2,25,6.402,7.8294,-1.4274
degrade,0,2,26,6.3635,7.1823,-0.8188
degrade,0,2,27,6.4144,7.1656,-0.7512
degrade,0,2,28,6.3749,7.7653,-1.3904
degrade,0,2,29,6.3519,7.1363,-0.7844
degrade,0,2,30,6.4405,7.7403,-1.2998
degrade,0,3,1,7.1455,6.5488,0.5967
degrade,0,3,2,6.3142,6.1552,0.159
degrade,0,3,3,6.3399,6.5772,-0.2373
degrade,0,3,4,6.3898,7.3221,-0.9323
degrade,0,3,5,6.3396,7.3365,-0.9969
degrade,0,3,6,6.3394,6.6877,-0.3483
degrade,0,3,7,6.3777,6.8569,-0.4792
degrade,0,3,8,6.4155,6.9092,-0.4937
degrade,0,3,9,6.3518,6.495,-0.1432
degrade,0,3,10,6.3016,7.5114,-1.2098
degrade,0,3,11,6.4624,6.9318,-0.4694
degrade,0,3,12,6.3651,6.7651,-0.4
degrade,0,3,13,6.4153,6.9866,-0.5713
degrade,0,3,14,6.3773,6.8457,-0.4684
degrade,0,3,15,6.4633,7.343,-0.8797
degrade,0,3,16,6.4144,6.6687,-0.2543
degrade,0,3,17,6.3517,7.1054,-0.7537
degrade,0,3,18,6.4265,7.1141,-0.6876
degrade,0,3,19,6.3272,7.079,-0.7518
degrade,0,3,20,6.2263,6.8974,-0.6711
degrade,0,3,21,6.4038,6.5653,-0.1615
degrade,0,3,22,6.3904,7.1624,-0.772
degrade,0,3,23,6.3288,7.1353,-0.8065
degrade,0,3,24,6.1246,6.5218,-0.3972
degrade,0,3,25,6.402,6.9385,-0.5365
degrade,0,3,26,6.3635,6.6814,-0.3179
degrade,0,3,27,6.4144,7.0398,-0.6254
degrade,0,3,28,6.3749,7.1404,-0.7655
degrade,0,3,29,6.3519,6.5253,-0.1734
degrade,0,3,30,6.4405,6.8425,-0.402
degrade,0,4,1,7.1455,7.3272,-0.1817
degrade,0,4,2,6.3142,6.722,-0.4078
degrade,0,4,3,6.3399,6.7978,-0.4579
degrade,0,4,4,6.3898,7.2558,-0.866
degrade,0,4,5,6.3396,7.171,-0.8314
degrade,0,4,6,6.3394,7.1295,-0.7901
degrade,0,4,7,6.3777,7.3697,-0.992
degrade,0,4,8,6.4155,7.3524,-0.9369
degrade,0,4,9,6.3518,9.4084,-3.0566
degrade,0,4,10,6.3016,6.8032,-0.5016
degrade,0,4,11,6.4624,7.2017,-0.7393
degrade,0,4,12,6.3651,7.314,-0.9489
degrade,0,4,13,6.4153,7.2747,-0.8594
degrade,0,4,14,6.3773,7.2492,-0.8719
degrade,0,4,15,6.4633,7.4665,-1.0032
degrade,0,4,16,6.4144,6.8261,-0.4117
degrade,0,4,17,6.3517,7.3744,-1.0227
degrade,0,4,18,6.4265,7.4834,-1.0569
degrade,0,4,19,6.3272,6.761,-0.4338
degrade,0,4,20,6.2263,6.6727,-0.4464
degrade,0,4,21,6.4038,7.1357,-0.7319
degrade,0,4,22,6.3904,6.7844,-0.394
degrade,0,4,23,6.3288,7.4646,-1.1358
degrade,0,4,24,6.1246,6.7671,-0.6425
degrade,0,4,25,6.402,7.1228,-0.7208
degrade,0,4,26,6.3635,6.7694,-0.4059
degrade,0,4,27,6.4144,7.2969,-0.8825
degrade,0,4,28,6.3749,7.0503,-0.6754
degrade,0,4,29,6.3519,6.8478,-0.4959
degrade,0,4,30,6.4405,6.8879,-0.4474
degrade,0,6,1,7.1455,6.39,0.7555
degrade,0,6,2,6.3142,6.2895,0.0247
degrade,0,6,3,6.3399,6.3146,0.0253
degrade,0,6,4,6.3898,6.3775,0.0123
degrade,0,6,5,6.3396,6.314,0.0256
degrade,0,6,6,6.3394,6.3652,-0.0258
degrade,0,6,7,6.3777,6.2892,0.0885
degrade,0,6,8,6.4155,6.3787,0.0368
degrade,0,6,9,6.3518,6.2902,0.0616
degrade,0,6,10,6.3016,6.2775,0.0241
degrade,0,6,11,6.4624,6.3787,0.0837
degrade,0,6,12,6.3651,6.3149,0.0502
degrade,0,6,13,6.4153,6.3535,0.0618
degrade,0,6,14,6.3773,6.3025,0.0748
degrade,0,6,15,6.4633,6.3535,0.1098
degrade,0,6,16,6.4144,6.3783,0.0361
degrade,0,6,17,6.3517,6.3148,0.0369
degrade,0,6,18,6.4265,6.4291,-0.0026
degrade,0,6,19,6.3272,6.3015,0.0257
degrade,0,6,20,6.2263,6.2891,-0.0628
degrade,0,6,21,6.4038,6.1068,0.297
degrade,0,6,22,6.3904,6.3274,0.063
degrade,0,6,23,6.3288,6.3535,-0.0247
degrade,0,6,24,6.1246,6.2778,-0.1532
degrade,0,6,25,6.402,6.3775,0.0245
degrade,0,6,26,6.3635,6.3529,0.0106
degrade,0,6,27,6.4144,6.2892,0.1252
degrade,0,6,28,6.3749,6.3272,0.0477
degrade,0,6,29,6.3519,6.3525,-0.0006
degrade,0,6,30,6.4405,6.3397,0.1008
degrade,0,5,1,7.1455,6.089,1.0565
degrade,0,5,2,6.3142,6.0125,0.3017
degrade,0,5,3,6.3399,6.7931,-0.4532
degrade,0,5,4,6.3898,6.0501,0.3397
degrade,0,5,5,6.3396,6.037,0.3026
degrade,0,5,6,6.3394,6.0629,0.2765
degrade,0,5,7,6.3777,5.987,0.3907
degrade,0,5,8,6.4155,6.0764,0.3391
degrade,0,5,9,6.3518,7.5368,-1.185
degrade,0,5,10,6.3016,6.0637,0.2379
degrade,0,5,11,6.4624,6.0764,0.386
degrade,0,5,12,6.3651,6.0629,0.3022
degrade,0,5,13,6.4153,6.0641,0.3512
degrade,0,5,14,6.3773,6.0758,0.3015
degrade,0,5,15,6.4633,6.0764,0.3869
degrade,0,5,16,6.4144,6.1013,0.3131
degrade,0,5,17,6.3517,6.0245,0.3272
degrade,0,5,18,6.4265,6.1268,0.2997
degrade,0,5,19,6.3272,6.0256,0.3016
degrade,0,5,20,6.2263,5.9749,0.2514
degrade,0,5,21,6.4038,5.9419,0.4619
degrade,0,5,22,6.3904,6.0266,0.3638
degrade,0,5,23,6.3288,6.0754,0.2534
degrade,0,5,24,6.1246,6.0258,0.0988
degrade,0,5,25,6.402,6.7562,-0.3542
degrade,0,5,26,6.3635,6.0377,0.3258
degrade,0,5,27,6.4144,6.0121,0.4023
degrade,0,5,28,6.3749,6.0251,0.3498
degrade,0,5,29,6.3519,6.0638,0.2881
degrade,0,5,30,6.4405,6.0626,0.3779
degrade,1,2,1,7.3272,7.6505,-0.3233
degrade,1,2,2,6.8821,7.141,-0.2589
degrade,1,2,3,6.5686,7.1907,-0.6221
degrade,1,2,4,7.1181,7.2719,-0.1538
degrade,1,2,5,6.8468,7.1482,-0.3014
degrade,1,2,6,6.826,7.1698,-0.3438
degrade,1,2,7,9.1054,7.6295,1.4759
degrade,1,2,8,7.0808,7.2139,-0.1331
degrade,1,2,9,7.3485,7.643,-0.2945
degrade,1,2,10,6.5071,7.6616,-1.1545
degrade,1,2,11,7.0372,7.2017,-0.1645
degrade,1,2,12,7.044,7.7826,-0.7386
degrade,1,2,13,7.1482,7.523,-0.3748
degrade,1,2,14,7.118,7.1012,0.0168
degrade,1,2,15,7.2036,8.4137,-1.2101
degrade,1,2,16,6.6764,7.1671,-0.4907
degrade,1,2,17,7.3576,7.5415,-0.1839
degrade,1,2,18,7.2043,7.2377,-0.0334
degrade,1,2,19,6.6692,7.1202,-0.451
degrade,1,2,20,6.5527,6.9147,-0.362
degrade,1,2,21,6.9254,7.4424,-0.517
degrade,1,2,22,6.6959,7.7521,-1.0562
degrade,1,2,23,7.0634,7.8075,-0.7441
degrade,1,2,24,6.6182,7.1682,-0.55
degrade,1,2,25,7.0484,7.8294,-0.781
degrade,1,2,26,6.4063,7.1823,-0.776
degrade,1,2,27,7.22,7.1656,0.0544
degrade,1,2,28,7.0701,7.7653,-0.6952
degrade,1,2,29,6.6274,7.1363,-0.5089
degrade,1,2,30,6.6416,7.7403,-1.0987
degrade,1,3,1,7.3272,6.5488,0.7784
degrade,1,3,2,6.8821,6.1552,0.7269
degrade,1,3,3,6.5686,6.5772,-0.0086
degrade,1,3,4,7.1181,7.3221,-0.204
degrade,1,3,5,6.8468,7.3365,-0.4897
degrade,1,3,6,6.826,6.6877,0.1383
degrade,1,3,7,9.1054,6.8569,2.2485
degrade,1,3,8,7.0808,6.9092,0.1716
degrade,1,3,9,7.3485,6.495,0.8535
degrade,1,3,10,6.5071,7.5114,-1.0043
degrade,1,3,11,7.0372,6.9318,0.1054
degrade,1,3,12,7.044,6.7651,0.2789
degrade,1,3,13,7.1482,6.9866,0.1616
degrade,1,3,14,7.118,6.8457,0.2723
degrade,1,3,15,7.2036,7.343,-0.1394
degrade,1,3,16,6.6764,6.6687,0.0077
degrade,1,3,17,7.3576,7.1054,0.2522
degrade,1,3,18,7.2043,7.1141,0.0902
degrade,1,3,19,6.6692,7.079,-0.4098
degrade,1,3,20,6.5527,6.8974,-0.3447
degrade,1,3,21,6.9254,6.5653,0.3601
degrade,1,3,22,6.6959,7.1624,-0.4665
degrade,1,3,23,7.0634,7.1353,-0.0719
degrade,1,3,24,6.6182,6.5218,0.0964
degrade,1,3,25,7.0484,6.9385,0.1099
degrade,1,3,26,6.4063,6.6814,-0.2751
degrade,1,3,27,7.22,7.0398,0.1802
degrade,1,3,28,7.0701,7.1404,-0.0703
degrade,1,3,29,6.6274,6.5253,0.1021
degrade,1,3,30,6.6416,6.8425,-0.2009
degrade,1,4,1,7.3272,7.3272,0
degrade,1,4,2,6.8821,6.722,0.1601
degrade,1,4,3,6.5686,6.7978,-0.2292
degrade,1,4,4,7.1181,7.2558,-0.1377
degrade,1,4,5,6.8468,7.171,-0.3242
degrade,1,4,6,6.826,7.1295,-0.3035
degrade,1,4,7,9.1054,7.3697,1.7357
degrade,1,4,8,7.0808,7.3524,-0.2716
degrade,1,4,9,7.3485,9.4084,-2.0599
degrade,1,4,10,6.5071,6.8032,-0.2961
degrade,1,4,11,7.0372,7.2017,-0.1645
degrade,1,4,12,7.044,7.314,-0.27
degrade,1,4,13,7.1482,7.2747,-0.1265
degrade,1,4,14,7.118,7.2492,-0.1312
degrade,1,4,15,7.2036,7.4665,-0.2629
degrade,1,4,16,6.6764,6.8261,-0.1497
degrade,1,4,17,7.3576,7.3744,-0.0168
degrade,1,4,18,7.2043,7.4834,-0.2791
degrade,1,4,19,6.6692,6.761,-0.0918
degrade,1,4,20,6.5527,6.6727,-0.12
degrade,1,4,21,6.9254,7.1357,-0.2103
degrade,1,4,22,6.6959,6.7844,-0.0885
degrade,1,4,23,7.0634,7.4646,-0.4012
degrade,1,4,24,6.6182,6.7671,-0.1489
degrade,1,4,25,7.0484,7.1228,-0.0744
degrade,1,4,26,6.4063,6.7694,-0.3631
degrade,1,4,27,7.22,7.2969,-0.0769
degrade,1,4,28,7.0701,7.0503,0.0198
degrade,1,4,29,6.6274,6.8478,-0.2204
degrade,1,4,30,6.6416,6.8879,-0.2463
degrade,1,6,1,7.3272,6.39,0.9372
degrade,1,6,2,6.8821,6.2895,0.5926
degrade,1,6,3,6.5686,6.3146,0.254
degrade,1,6,4,7.1181,6.3775,0.7406
degrade,1,6,5,6.8468,6.314,0.5328
degrade,1,6,6,6.826,6.3652,0.4608
degrade,1,6,7,9.1054,6.2892,2.8162
degrade,1,6,8,7.0808,6.3787,0.7021
degrade,1,6,9,7.3485,6.2902,1.0583
degrade,1,6,10,6.5071,6.2775,0.2296
degrade,1,6,11,7.0372,6.3787,0.6585
degrade,1,6,12,7.044,6.3149,0.7291
degrade,1,6,13,7.1482,6.3535,0.7947
degrade,1,6,14,7.118,6.3025,0.8155
degrade,1,6,15,7.2036,6.3535,0.8501
degrade,1,6,16,6.6764,6.3783,0.2981
degrade,1,6,17,7.3576,6.3148,1.0428
degrade,1,6,18,7.2043,6.4291,0.7752
degrade,1,6,19,6.6692,6.3015,0.3677
degrade,1,6,20,6.5527,6.2891,0.2636
degrade,1,6,21,6.9254,6.1068,0.8186
degrade,1,6,22,6.6959,6.3274,0.3685
degrade,1,6,23,7.0634,6.3535,0.7099
degrade,1,6,24,6.6182,6.2778,0.3404
degrade,1,6,25,7.0484,6.3775,0.6709
degrade,1,6,26,6.4063,6.3529,0.0534
degrade,1,6,27,7.22,6.2892,0.9308
degrade,1,6,28,7.0701,6.3272,0.7429
degrade,1,6,29,6.6274,6.3525,0.2749
degrade,1,6,30,6.6416,6.3397,0.3019
degrade,1,5,1,7.3272,6.089,1.2382
degrade,1,5,2,6.8821,6.0125,0.8696
degrade,1,5,3,6.5686,6.7931,-0.2245
degrade,1,5,4,7.1181,6.0501,1.068
degrade,1,5,5,6.8468,6.037,0.8098
degrade,1,5,6,6.826,6.0629,0.7631
degrade,1,5,7,9.1054,5.987,3.1184
degrade,1,5,8,7.0808,6.0764,1.0044
degrade,1,5,9,7.3485,7.5368,-0.1883
degrade,1,5,10,6.5071,6.0637,0.4434
degrade,1,5,11,7.0372,6.0764,0.9608
degrade,1,5,12,7.044,6.0629,0.9811
degrade,1,5,13,7.1482,6.0641,1.0841
degrade,1,5,14,7.118,6.0758,1.0422
degrade,1,5,15,7.2036,6.0764,1.1272
degrade,1,5,16,6.6764,6.1013,0.5751
degrade,1,5,17,7.3576,6.0245,1.3331
degrade,1,5,18,7.2043,6.1268,1.0775
degrade,1,5,19,6.6692,6.0256,0.6436
degrade,1,5,20,6.5527,5.9749,0.5778
degrade,1,5,21,6.9254,5.9419,0.9835
degrade,1,5,22,6.6959,6.0266,0.6693
degrade,1,5,23,7.0634,6.0754,0.988
degrade,1,5,24,6.6182,6.0258,0.5924
degrade,1,5,25,7.0484,6.7562,0.2922
degrade,1,5,26,6.4063,6.0377,0.3686
degrade,1,5,27,7.22,6.0121,1.2079
degrade,1,5,28,7.0701,6.0251,1.045
degrade,1,5,29,6.6274,6.0638,0.5636
degrade,1,5,30,6.6416,6.0626,0.579
degrade,2,3,1,7.6505,6.5488,1.1017
degrade,2,3,2,7.141,6.1552,0.9858
degrade,2,3,3,7.1907,6.5772,0.6135
degrade,2,3,4,7.2719,7.3221,-0.0502
degrade,2,3,5,7.1482,7.3365,-0.1883
degrade,2,3,6,7.1698,6.6877,0.4821
degrade,2,3,7,7.6295,6.8569,0.7726
degrade,2,3,8,7.2139,6.9092,0.3047
degrade,2,3,9,7.643,6.495,1.148
degrade,2,3,10,7.6616,7.5114,0.1502
degrade,2,3,11,7.2017,6.9318,0.2699
degrade,2,3,12,7.7826,6.7651,1.0175
degrade,2,3,13,7.523,6.9866,0.5364
degrade,2,3,14,7.1012,6.8457,0.2555
degrade,2,3,15,8.4137,7.343,1.0707
degrade,2,3,16,7.1671,6.6687,0.4984
degrade,2,3,17,7.5415,7.1054,0.4361
degrade,2,3,18,7.2377,7.1141,0.1236
degrade,2,3,19,7.1202,7.079,0.0412
degrade,2,3,20,6.9147,6.8974,0.0173
degrade,2,3,21,7.4424,6.5653,0.8771
degrade,2,3,22,7.7521,7.1624,0.5897
degrade,2,3,23,7.8075,7.1353,0.6722
degrade,2,3,24,7.1682,6.5218,0.6464
degrade,2,3,25,7.8294,6.9385,0.8909
degrade,2,3,26,7.1823,6.6814,0.5009
degrade,2,3,27,7.1656,7.0398,0.1258
degrade,2,3,28,7.7653,7.1404,0.6249
degrade,2,3,29,7.1363,6.5253,0.611
degrade,2,3,30,7.7403,6.8425,0.8978
degrade,2,4,1,7.6505,7.3272,0.3233
degrade,2,4,2,7.141,6.722,0.419
degrade,2,4,3,7.1907,6.7978,0.3929
degrade,2,4,4,7.2719,7.2558,0.0161
degrade,2,4,5,7.1482,7.171,-0.0228
degrade,2,4,6,7.1698,7.1295,0.0403
degrade,2,4,7,7.6295,7.3697,0.2598
degrade,2,4,8,7.2139,7.3524,-0.1385
degrade,2,4,9,7.643,9.4084,-1.7654
degrade,2,4,10,7.6616,6.8032,0.8584
degrade,2,4,11,7.2017,7.2017,0
degrade,2,4,12,7.7826,7.314,0.4686
degrade,2,4,13,7.523,7.2747,0.2483
degrade,2,4,14,7.1012,7.2492,-0.148
degrade,2,4,15,8.4137,7.4665,0.9472
degrade,2,4,16,7.1671,6.8261,0.341
degrade,2,4,17,7.5415,7.3744,0.1671
degrade,2,4,18,7.2377,7.4834,-0.2457
degrade,2,4,19,7.1202,6.761,0.3592
degrade,2,4,20,6.9147,6.6727,0.242
degrade,2,4,21,7.4424,7.1357,0.3067
degrade,2,4,22,7.7521,6.7844,0.9677
degrade,2,4,23,7.8075,7.4646,0.3429
degrade,2,4,24,7.1682,6.7671,0.4011
degrade,2,4,25,7.8294,7.1228,0.7066
degrade,2,4,26,7.1823,6.7694,0.4129
degrade,2,4,27,7.1656,7.2969,-0.1313
degrade,2,4,28,7.7653,7.0503,0.715
degrade,2,4,29,7.1363,6.8478,0.2885
degrade,2,4,30,7.7403,6.8879,0.8524
degrade,2,6,1,7.6505,6.39,1.2605
degrade,2,6,2,7.141,6.2895,0.8515
degrade,2,6,3,7.1907,6.3146,0.8761
degrade,2,6,4,7.2719,6.3775,0.8944
degrade,2,6,5,7.1482,6.314,0.8342
degrade,2,6,6,7.1698,6.3652,0.8046
degrade,2,6,7,7.6295,6.2892,1.3403
degrade,2,6,8,7.2139,6.3787,0.8352
degrade,2,6,9,7.643,6.2902,1.3528
degrade,2,6,10,7.6616,6.2775,1.3841
degrade,2,6,11,7.2017,6.3787,0.823
degrade,2,6,12,7.7826,6.3149,1.4677
degrade,2,6,13,7.523,6.3535,1.1695
degrade,2,6,14,7.1012,6.3025,0.7987
degrade,2,6,15,8.4137,6.3535,2.0602
degrade,2,6,16,7.1671,6.3783,0.7888
degrade,2,6,17,7.5415,6.3148,1.2267
degrade,2,6,18,7.2377,6.4291,0.8086
degrade,2,6,19,7.1202,6.3015,0.8187
degrade,2,6,20,6.9147,6.2891,0.6256
degrade,2,6,21,7.4424,6.1068,1.3356
degrade,2,6,22,7.7521,6.3274,1.4247
degrade,2,6,23,7.8075,6.3535,1.454
degrade,2,6,24,7.1682,6.2778,0.8904
degrade,2,6,25,7.8294,6.3775,1.4519
degrade,2,6,26,7.1823,6.3529,0.8294
degrade,2,6,27,7.1656,6.2892,0.8764
degrade,2,6,28,7.7653,6.3272,1.4381
degrade,2,6,29,7.1363,6.3525,0.7838
degrade,2,6,30,7.7403,6.3397,1.4006
degrade,2,5,1,7.6505,6.089,1.5615
degrade,2,5,2,7.141,6.0125,1.1285
degrade,2,5,3,7.1907,6.7931,0.3976
degrade,2,5,4,7.2719,6.0501,1.2218
degrade,2,5,5,7.1482,6.037,1.1112
degrade,2,5,6,7.1698,6.0629,1.1069
degrade,2,5,7,7.6295,5.987,1.6425
degrade,2,5,8,7.2139,6.0764,1.1375
degrade,2,5,9,7.643,7.5368,0.1062
degrade,2,5,10,7.6616,6.0637,1.5979
degrade,2,5,11,7.2017,6.0764,1.1253
degrade,2,5,12,7.7826,6.0629,1.7197
degrade,2,5,13,7.523,6.0641,1.4589
degrade,2,5,14,7.1012,6.0758,1.0254
degrade,2,5,15,8.4137,6.0764,2.3373
degrade,2,5,16,7.1671,6.1013,1.0658
degrade,2,5,17,7.5415,6.0245,1.517
degrade,2,5,18,7.2377,6.1268,1.1109
degrade,2,5,19,7.1202,6.0256,1.0946
degrade,2,5,20,6.9147,5.9749,0.9398
degrade,2,5,21,7.4424,5.9419,1.5005
degrade,2,5,22,7.7521,6.0266,1.7255
degrade,2,5,23,7.8075,6.0754,1.7321
degrade,2,5,24,7.1682,6.0258,1.1424
degrade,2,5,25,7.8294,6.7562,1.0732
degrade,2,5,26,7.1823,6.0377,1.1446
degrade,2,5,27,7.1656,6.0121,1.1535
degrade,2,5,28,7.7653,6.0251,1.7402
degrade,2,5,29,7.1363,6.0638,1.0725
degrade,2,5,30,7.7403,6.0626,1.6777
degrade,3,4,1,6.5488,7.3272,-0.7784
degrade,3,4,2,6.1552,6.722,-0.5668
degrade,3,4,3,6.5772,6.7978,-0.2206
degrade,3,4,4,7.3221,7.2558,0.0663
degrade,3,4,5,7.3365,7.171,0.1655
degrade,3,4,6,6.6877,7.1295,-0.4418
degrade,3,4,7,6.8569,7.3697,-0.5128
degrade,3,4,8,6.9092,7.3524,-0.4432
degrade,3,4,9,6.495,9.4084,-2.9134
degrade,3,4,10,7.5114,6.8032,0.7082
degrade,3,4,11,6.9318,7.2017,-0.2699
degrade,3,4,12,6.7651,7.314,-0.5489
degrade,3,4,13,6.9866,7.2747,-0.2881
degrade,3,4,14,6.8457,7.2492,-0.4035
degrade,3,4,15,7.343,7.4665,-0.1235
degrade,3,4,16,6.6687,6.8261,-0.1574
degrade,3,4,17,7.1054,7.3744,-0.269
degrade,3,4,18,7.1141,7.4834,-0.3693
degrade,3,4,19,7.079,6.761,0.318
degrade,3,4,20,6.8974,6.6727,0.2247
degrade,3,4,21,6.5653,7.1357,-0.5704
degrade,3,4,22,7.1624,6.7844,0.378
degrade,3,4,23,7.1353,7.4646,-0.3293
degrade,3,4,24,6.5218,6.7671,-0.2453
degrade,3,4,25,6.9385,7.1228,-0.1843
degrade,3,4,26,6.6814,6.7694,-0.088
degrade,3,4,27,7.0398,7.2969,-0.2571
degrade,3,4,28,7.1404,7.0503,0.0901
degrade,3,4,29,6.5253,6.8478,-0.3225
degrade,3,4,30,6.8425,6.8879,-0.0454
degrade,3,6,1,6.5488,6.39,0.1588
degrade,3,6,2,6.1552,6.2895,-0.1343
degrade,3,6,3,6.5772,6.3146,0.2626
degrade,3,6,4,7.3221,6.3775,0.9446
degrade,3,6,5,7.3365,6.314,1.0225
degrade,3,6,6,6.6877,6.3652,0.3225
degrade,3,6,7,6.8569,6.2892,0.5677
degrade,3,6,8,6.9092,6.3787,0.5305
degrade,3,6,9,6.495,6.2902,0.2048
degrade,3,6,10,7.5114,6.2775,1.2339
degrade,3,6,11,6.9318,6.3787,0.5531
degrade,3,6,12,6.7651,6.3149,0.4502
degrade,3,6,13,6.9866,6.3535,0.6331
degrade,3,6,14,6.8457,6.3025,0.5432
degrade,3,6,15,7.343,6.3535,0.9895
degrade,3,6,16,6.6687,6.3783,0.2904
degrade,3,6,17,7.1054,6.3148,0.7906
degrade,3,6,18,7.1141,6.4291,0.685
degrade,3,6,19,7.079,6.3015,0.7775
degrade,3,6,20,6.8974,6.2891,0.6083
degrade,3,6,21,6.5653,6.1068,0.4585
degrade,3,6,22,7.1624,6.3274,0.835
degrade,3,6,23,7.1353,6.3535,0.7818
degrade,3,6,24,6.5218,6.2778,0.244
degrade,3,6,25,6.9385,6.3775,0.561
degrade,3,6,26,6.6814,6.3529,0.3285
degrade,3,6,27,7.0398,6.2892,0.7506
degrade,3,6,28,7.1404,6.3272,0.8132
degrade,3,6,29,6.5253,6.3525,0.1728
degrade,3,6,30,6.8425,6.3397,0.5028
degrade,3,5,1,6.5488,6.089,0.4598
degrade,3,5,2,6.1552,6.0125,0.1427
degrade,3,5,3,6.5772,6.7931,-0.2159
degrade,3,5,4,7.3221,6.0501,1.272
degrade,3,5,5,7.3365,6.037,1.2995
degrade,3,5,6,6.6877,6.0629,0.6248
degrade,3,5,7,6.8569,5.987,0.8699
degrade,3,5,8,6.9092,6.0764,0.8328
degrade,3,5,9,6.495,7.5368,-1.0418
degrade,3,5,10,7.5114,6.0637,1.4477
degrade,3,5,11,6.9318,6.0764,0.8554
degrade,3,5,12,6.7651,6.0629,0.7022
degrade,3,5,13,6.9866,6.0641,0.9225
degrade,3,5,14,6.8457,6.0758,0.7699
degrade,3,5,15,7.343,6.0764,1.2666
degrade,3,5,16,6.6687,6.1013,0.5674
degrade,3,5,17,7.1054,6.0245,1.0809
degrade,3,5,18,7.1141,6.1268,0.9873
degrade,3,5,19,7.079,6.0256,1.0534
degrade,3,5,20,6.8974,5.9749,0.9225
degrade,3,5,21,6.5653,5.9419,0.6234
degrade,3,5,22,7.1624,6.0266,1.1358
degrade,3,5,23,7.1353,6.0754,1.0599
degrade,3,5,24,6.5218,6.0258,0.496
degrade,3,5,25,6.9385,6.7562,0.1823
degrade,3,5,26,6.6814,6.0377,0.6437
degrade,3,5,27,7.0398,6.0121,1.0277
degrade,3,5,28,7.1404,6.0251,1.1153
degrade,3,5,29,6.5253,6.0638,0.4615
degrade,3,5,30,6.8425,6.0626,0.7799
degrade,4,6,1,7.3272,6.39,0.9372
degrade,4,6,2,6.722,6.2895,0.4325
degrade,4,6,3,6.7978,6.3146,0.4832
degrade,4,6,4,7.2558,6.3775,0.8783
degrade,4,6,5,7.171,6.314,0.857
degrade,4,6,6,7.1295,6.3652,0.7643
degrade,4,6,7,7.3697,6.2892,1.0805
degrade,4,6,8,7.3524,6.3787,0.9737
degrade,4,6,9,9.4084,6.2902,3.1182
degrade,4,6,10,6.8032,6.2775,0.5257
degrade,4,6,11,7.2017,6.3787,0.823
degrade,4,6,12,7.314,6.3149,0.9991
degrade,4,6,13,7.2747,6.3535,0.9212
degrade,4,6,14,7.2492,6.3025,0.9467
degrade,4,6,15,7.4665,6.3535,1.113
degrade,4,6,16,6.8261,6.3783,0.4478
degrade,4,6,17,7.3744,6.3148,1.0596
degrade,4,6,18,7.4834,6.4291,1.0543
degrade,4,6,19,6.761,6.3015,0.4595
degrade,4,6,20,6.6727,6.2891,0.3836
degrade,4,6,21,7.1357,6.1068,1.0289
degrade,4,6,22,6.7844,6.3274,0.457
degrade,4,6,23,7.4646,6.3535,1.1111
degrade,4,6,24,6.7671,6.2778,0.4893
degrade,4,6,25,7.1228,6.3775,0.7453
degrade,4,6,26,6.7694,6.3529,0.4165
degrade,4,6,27,7.2969,6.2892,1.0077
degrade,4,6,28,7.0503,6.3272,0.7231
degrade,4,6,29,6.8478,6.3525,0.4953
degrade,4,6,30,6.8879,6.3397,0.5482
degrade,4,5,1,7.3272,6.089,1.2382
degrade,4,5,2,6.722,6.0125,0.7095
degrade,4,5,3,6.7978,6.7931,0.0047
degrade,4,5,4,7.2558,6.0501,1.2057
degrade,4,5,5,7.171,6.037,1.134
degrade,4,5,6,7.1295,6.0629,1.0666
degrade,4,5,7,7.3697,5.987,1.3827
degrade,4,5,8,7.3524,6.0764,1.276
degrade,4,5,9,9.4084,7.5368,1.8716
degrade,4,5,10,6.8032,6.0637,0.7395
degrade,4,5,11,7.2017,6.0764,1.1253
degrade,4,5,12,7.314,6.0629,1.2511
degrade,4,5,13,7.2747,6.0641,1.2106
degrade,4,5,14,7.2492,6.0758,1.1734
degrade,4,5,15,7.4665,6.0764,1.3901
degrade,4,5,16,6.8261,6.1013,0.7248
degrade,4,5,17,7.3744,6.0245,1.3499
degrade,4,5,18,7.4834,6.1268,1.3566
degrade,4,5,19,6.761,6.0256,0.7354
degrade,4,5,20,6.6727,5.9749,0.6978
degrade,4,5,21,7.1357,5.9419,1.1938
degrade,4,5,22,6.7844,6.0266,0.7578
degrade,4,5,23,7.4646,6.0754,1.3892
degrade,4,5,24,6.7671,6.0258,0.7413
degrade,4,5,25,7.1228,6.7562,0.3666
degrade,4,5,26,6.7694,6.0377,0.7317
degrade,4,5,27,7.2969,6.0121,1.2848
degrade,4,5,28,7.0503,6.0251,1.0252
degrade,4,5,29,6.8478,6.0638,0.784
degrade,4,5,30,6.8879,6.0626,0.8253
degrade,6,5,1,6.39,6.089,0.301
degrade,6,5,2,6.2895,6.0125,0.277
degrade,6,5,3,6.3146,6.7931,-0.4785
degrade,6,5,4,6.3775,6.0501,0.3274
degrade,6,5,5,6.314,6.037,0.277
degrade,6,5,6,6.3652,6.0629,0.3023
degrade,6,5,7,6.2892,5.987,0.3022
degrade,6,5,8,6.3787,6.0764,0.3023
degrade,6,5,9,6.2902,7.5368,-1.2466
degrade,6,5,10,6.2775,6.0637,0.2138
degrade,6,5,11,6.3787,6.0764,0.3023
degrade,6,5,12,6.3149,6.0629,0.252
degrade,6,5,13,6.3535,6.0641,0.2894
degrade,6,5,14,6.3025,6.0758,0.2267
degrade,6,5,15,6.3535,6.0764,0.2771
degrade,6,5,16,6.3783,6.1013,0.277
degrade,6,5,17,6.3148,6.0245,0.2903
degrade,6,5,18,6.4291,6.1268,0.3023
degrade,6,5,19,6.3015,6.0256,0.2759
degrade,6,5,20,6.2891,5.9749,0.3142
degrade,6,5,21,6.1068,5.9419,0.1649
degrade,6,5,22,6.3274,6.0266,0.3008
degrade,6,5,23,6.3535,6.0754,0.2781
degrade,6,5,24,6.2778,6.0258,0.252
degrade,6,5,25,6.3775,6.7562,-0.3787
degrade,6,5,26,6.3529,6.0377,0.3152
degrade,6,5,27,6.2892,6.0121,0.2771
degrade,6,5,28,6.3272,6.0251,0.3021
degrade,6,5,29,6.3525,6.0638,0.2887
degrade,6,5,30,6.3397,6.0626,0.2771
