scenario,scheduler,seed,size,fct_s,fct95_s,rx_app,rx_p0,rx_p1,delay_p0_ms,delay_p1_ms,done
competing,0,1,False,False,False,False,False,False,False,False,False
competing,0,2,False,False,False,False,False,False,False,False,False
competing,0,3,False,False,False,False,False,False,False,False,False
competing,0,4,False,False,False,False,False,False,False,False,False
competing,0,5,False,False,False,False,False,False,False,False,False
competing,0,6,False,False,False,False,False,False,False,False,False
competing,0,7,False,False,False,False,False,False,False,False,False
competing,0,8,False,False,False,False,False,False,False,False,False
competing,0,9,False,False,False,False,False,False,False,False,False
competing,0,10,False,False,False,False,False,False,False,False,False
competing,1,1,False,False,False,False,False,False,False,False,False
competing,1,2,False,False,False,False,False,False,False,False,False
competing,1,3,False,False,False,False,False,False,False,False,False
competing,1,4,False,False,False,False,False,False,False,False,False
competing,1,5,False,False,False,False,False,False,False,False,False
competing,1,6,False,False,False,False,False,False,False,False,False
competing,1,7,False,False,False,False,False,False,False,False,False
competing,1,8,False,False,False,False,False,False,False,False,False
competing,1,9,False,False,False,False,False,False,False,False,False
competing,1,10,False,False,False,False,False,False,False,False,False
competing,2,1,False,False,False,False,False,False,False,False,False
competing,2,2,False,False,False,False,False,False,False,False,False
competing,2,3,False,False,False,False,False,False,False,False,False
competing,2,4,False,False,False,False,False,False,False,False,False
competing,2,5,False,False,False,False,False,False,False,False,False
competing,2,6,False,False,False,False,False,False,False,False,False
competing,2,7,False,False,False,False,False,False,False,False,False
competing,2,8,False,False,False,False,False,False,False,False,False
competing,2,9,False,False,False,False,False,False,False,False,False
competing,2,10,False,False,False,False,False,False,False,False,False
competing,3,1,False,False,False,False,False,False,False,False,False
competing,3,2,False,False,False,False,False,False,False,False,False
competing,3,3,False,False,False,False,False,False,False,False,False
competing,3,4,False,False,False,False,False,False,False,False,False
competing,3,5,False,False,False,False,False,False,False,False,False
competing,3,6,False,False,False,False,False,False,False,False,False
competing,3,7,False,False,False,False,False,False,False,False,False
competing,3,8,False,False,False,False,False,False,False,False,False
competing,3,9,False,False,False,False,False,False,False,False,False
competing,3,10,False,False,False,False,False,False,False,False,False
competing,4,1,False,False,False,False,False,False,False,False,False
competing,4,2,False,False,False,False,False,False,False,False,False
competing,4,3,False,False,False,False,False,False,False,False,False
competing,4,4,False,False,False,False,False,False,False,False,False
competing,4,5,False,False,False,False,False,False,False,False,False
competing,4,6,False,False,False,False,False,False,False,False,False
competing,4,7,False,False,False,False,False,False,False,False,False
competing,4,8,False,False,False,False,False,False,False,False,False
competing,4,9,False,False,False,False,False,False,False,False,False
competing,4,10,False,False,False,False,False,False,False,False,False
competing,5,1,False,False,False,False,False,False,False,False,False
competing,5,2,False,False,False,False,False,False,False,False,False
competing,5,3,False,False,False,False,False,False,False,False,False
competing,5,4,False,False,False,False,False,False,False,False,False
competing,5,5,False,False,False,False,False,False,False,False,False
competing,5,6,False,False,False,False,False,False,False,False,False
competing,5,7,False,False,False,False,False,False,False,False,False
competing,5,8,False,False,False,False,False,False,False,False,False
competing,5,9,False,False,False,False,False,False,False,False,False
competing,5,10,False,False,False,False,False,False,False,False,False
competing,6,1,False,False,False,False,False,False,False,False,False
competing,6,2,False,False,False,False,False,False,False,False,False
competing,6,3,False,False,False,False,False,False,False,False,False
competing,6,4,False,False,False,False,False,False,False,False,False
competing,6,5,False,False,False,False,False,False,False,False,False
competing,6,6,False,False,False,False,False,False,False,False,False
competing,6,7,False,False,False,False,False,False,False,False,False
competing,6,8,False,False,False,False,False,False,False,False,False
competing,6,9,False,False,False,False,False,False,False,False,False
competing,6,10,False,False,False,False,False,False,False,False,False
degrade,0,1,False,False,False,False,False,False,False,False,False
degrade,0,2,False,False,False,False,False,False,False,False,False
degrade,0,3,False,False,False,False,False,False,False,False,False
degrade,0,4,False,False,False,False,False,False,False,False,False
degrade,0,5,False,False,False,False,False,False,False,False,False
degrade,0,6,False,False,False,False,False,False,False,False,False
degrade,0,7,False,False,False,False,False,False,False,False,False
degrade,0,8,False,False,False,False,False,False,False,False,False
degrade,0,9,False,False,False,False,False,False,False,False,False
degrade,0,10,False,False,False,False,False,False,False,False,False
degrade,1,1,False,False,False,False,False,False,False,False,False
degrade,1,2,False,False,False,False,False,False,False,False,False
degrade,1,3,False,False,False,False,False,False,False,False,False
degrade,1,4,False,False,False,False,False,False,False,False,False
degrade,1,5,False,False,False,False,False,False,False,False,False
degrade,1,6,False,False,False,False,False,False,False,False,False
degrade,1,7,False,False,False,False,False,False,False,False,False
degrade,1,8,False,False,False,False,False,False,False,False,False
degrade,1,9,False,False,False,False,False,False,False,False,False
degrade,1,10,False,False,False,False,False,False,False,False,False
degrade,2,1,False,False,False,False,False,False,False,False,False
degrade,2,2,False,False,False,False,False,False,False,False,False
degrade,2,3,False,False,False,False,False,False,False,False,False
degrade,2,4,False,False,False,False,False,False,False,False,False
degrade,2,5,False,False,False,False,False,False,False,False,False
degrade,2,6,False,False,False,False,False,False,False,False,False
degrade,2,7,False,False,False,False,False,False,False,False,False
degrade,2,8,False,False,False,False,False,False,False,False,False
degrade,2,9,False,False,False,False,False,False,False,False,False
degrade,2,10,False,False,False,False,False,False,False,False,False
degrade,3,1,False,False,False,False,False,False,False,False,False
degrade,3,2,False,False,False,False,False,False,False,False,False
degrade,3,3,False,False,False,False,False,False,False,False,False
degrade,3,4,False,False,False,False,False,False,False,False,False
degrade,3,5,False,False,False,False,False,False,False,False,False
degrade,3,6,False,False,False,False,False,False,False,False,False
degrade,3,7,False,False,False,False,False,False,False,False,False
degrade,3,8,False,False,False,False,False,False,False,False,False
degrade,3,9,False,False,False,False,False,False,False,False,False
degrade,3,10,False,False,False,False,False,False,False,False,False
degrade,4,1,False,False,False,False,False,False,False,False,False
degrade,4,2,False,False,False,False,False,False,False,False,False
degrade,4,3,False,False,False,False,False,False,False,False,False
degrade,4,4,False,False,False,False,False,False,False,False,False
degrade,4,5,False,False,False,False,False,False,False,False,False
degrade,4,6,False,False,False,False,False,False,False,False,False
degrade,4,7,False,False,False,False,False,False,False,False,False
degrade,4,8,False,False,False,False,False,False,False,False,False
degrade,4,9,False,False,False,False,False,False,False,False,False
degrade,4,10,False,False,False,False,False,False,False,False,False
degrade,5,1,False,False,False,False,False,False,False,False,False
degrade,5,2,False,False,False,False,False,False,False,False,False
degrade,5,3,False,False,False,False,False,False,False,False,False
degrade,5,4,False,False,False,False,False,False,False,False,False
degrade,5,5,False,False,False,False,False,False,False,False,False
degrade,5,6,False,False,False,False,False,False,False,False,False
degrade,5,7,False,False,False,False,False,False,False,False,False
degrade,5,8,False,False,False,False,False,False,False,False,False
degrade,5,9,False,False,False,False,False,False,False,False,False
degrade,5,10,False,False,False,False,False,False,False,False,False
degrade,6,1,False,False,False,False,False,False,False,False,False
degrade,6,2,False,False,False,False,False,False,False,False,False
degrade,6,3,False,False,False,False,False,False,False,False,False
degrade,6,4,False,False,False,False,False,False,False,False,False
degrade,6,5,False,False,False,False,False,False,False,False,False
degrade,6,6,False,False,False,False,False,False,False,False,False
degrade,6,7,False,False,False,False,False,False,False,False,False
degrade,6,8,False,False,False,False,False,False,False,False,False
degrade,6,9,False,False,False,False,False,False,False,False,False
degrade,6,10,False,False,False,False,False,False,False,False,False
dominating,0,1,False,False,False,False,False,False,False,False,False
dominating,0,2,False,False,False,False,False,False,False,False,False
dominating,0,3,False,False,False,False,False,False,False,False,False
dominating,0,4,False,False,False,False,False,False,False,False,False
dominating,0,5,False,False,False,False,False,False,False,False,False
dominating,0,6,False,False,False,False,False,False,False,False,False
dominating,0,7,False,False,False,False,False,False,False,False,False
dominating,0,8,False,False,False,False,False,False,False,False,False
dominating,0,9,False,False,False,False,False,False,False,False,False
dominating,0,10,False,False,False,False,False,False,False,False,False
dominating,1,1,False,False,False,False,False,False,False,False,False
dominating,1,2,False,False,False,False,False,False,False,False,False
dominating,1,3,False,False,False,False,False,False,False,False,False
dominating,1,4,False,False,False,False,False,False,False,False,False
dominating,1,5,False,False,False,False,False,False,False,False,False
dominating,1,6,False,False,False,False,False,False,False,False,False
dominating,1,7,False,False,False,False,False,False,False,False,False
dominating,1,8,False,False,False,False,False,False,False,False,False
dominating,1,9,False,False,False,False,False,False,False,False,False
dominating,1,10,False,False,False,False,False,False,False,False,False
dominating,2,1,False,False,False,False,False,False,False,False,False
dominating,2,2,False,False,False,False,False,False,False,False,False
dominating,2,3,False,False,False,False,False,False,False,False,False
dominating,2,4,False,False,False,False,False,False,False,False,False
dominating,2,5,False,False,False,False,False,False,False,False,False
dominating,2,6,False,False,False,False,False,False,False,False,False
dominating,2,7,False,False,False,False,False,False,False,False,False
dominating,2,8,False,False,False,False,False,False,False,False,False
dominating,2,9,False,False,False,False,False,False,False,False,False
dominating,2,10,False,False,False,False,False,False,False,False,False
dominating,3,1,False,False,False,False,False,False,False,False,False
dominating,3,2,False,False,False,False,False,False,False,False,False
dominating,3,3,False,False,False,False,False,False,False,False,False
dominating,3,4,False,False,False,False,False,False,False,False,False
dominating,3,5,False,False,False,False,False,False,False,False,False
dominating,3,6,False,False,False,False,False,False,False,False,False
dominating,3,7,False,False,False,False,False,False,False,False,False
dominating,3,8,False,False,False,False,False,False,False,False,False
dominating,3,9,False,False,False,False,False,False,False,False,False
dominating,3,10,False,False,False,False,False,False,False,False,False
dominating,4,1,False,False,False,False,False,False,False,False,False
dominating,4,2,False,False,False,False,False,False,False,False,False
dominating,4,3,False,False,False,False,False,False,False,False,False
dominating,4,4,False,False,False,False,False,False,False,False,False
dominating,4,5,False,False,False,False,False,False,False,False,False
dominating,4,6,False,False,False,False,False,False,False,False,False
dominating,4,7,False,False,False,False,False,False,False,False,False
dominating,4,8,False,False,False,False,False,False,False,False,False
dominating,4,9,False,False,False,False,False,False,False,False,False
dominating,4,10,False,False,False,False,False,False,False,False,False
dominating,5,1,False,False,False,False,False,False,False,False,False
dominating,5,2,False,False,False,False,False,False,False,False,False
dominating,5,3,False,False,False,False,False,False,False,False,False
dominating,5,4,False,False,False,False,False,False,False,False,False
dominating,5,5,False,False,False,False,False,False,False,False,False
dominating,5,6,False,False,False,False,False,False,False,False,False
dominating,5,7,False,False,False,False,False,False,False,False,False
dominating,5,8,False,False,False,False,False,False,False,False,False
dominating,5,9,False,False,False,False,False,False,False,False,False
dominating,5,10,False,False,False,False,False,False,False,False,False
dominating,6,1,False,False,False,False,False,False,False,False,False
dominating,6,2,False,False,False,False,False,False,False,False,False
dominating,6,3,False,False,False,False,False,False,False,False,False
dominating,6,4,False,False,False,False,False,False,False,False,False
dominating,6,5,False,False,False,False,False,False,False,False,False
dominating,6,6,False,False,False,False,False,False,False,False,False
dominating,6,7,False,False,False,False,False,False,False,False,False
dominating,6,8,False,False,False,False,False,False,False,False,False
dominating,6,9,False,False,False,False,False,False,False,False,False
dominating,6,10,False,False,False,False,False,False,False,False,False
