elapsed_s,rate_bps,delay_s
0.000000000,5600516,0.053000000
0.100000000,5682632,0.050000000
0.200000000,5739300,0.053000000
0.300000000,5618934,0.053000000
0.400000000,5251915,0.050000000
0.500000000,5669944,0.052000000
0.600000000,5540992,0.050000000
0.700000000,5000860,0.054000000
0.800000000,5442129,0.051000000
0.900000000,5294961,0.050000000
1.000000000,5200474,0.050000000
1.100000000,5728159,0.052000000
1.200000000,5184235,0.051000000
1.300000000,5688319,0.050000000
1.400000000,5491242,0.054000000
1.500000000,5563303,0.051000000
1.600000000,5551806,0.054000000
1.700000000,5513115,0.054000000
1.800000000,5689882,0.052000000
1.900000000,5729086,0.050000000
2.000000000,5273918,0.052000000
2.100000000,5403051,0.054000000
2.200000000,5139298,0.050000000
2.300000000,5990790,0.054000000
2.400000000,5262553,0.053000000
2.500000000,5049304,0.050000000
2.600000000,5334945,0.051000000
2.700000000,5968128,0.050000000
2.800000000,5521550,0.052000000
2.900000000,5616515,0.053000000
3.000000000,5714223,0.054000000
3.100000000,5191113,0.054000000
3.200000000,5331868,0.052000000
3.300000000,5936466,0.053000000
3.400000000,5093548,0.052000000
3.500000000,5136022,0.052000000
3.600000000,5153986,0.053000000
3.700000000,5592135,0.053000000
3.800000000,5608897,0.052000000
3.900000000,5818066,0.054000000
4.000000000,5002090,0.053000000
4.100000000,5360936,0.050000000
4.200000000,5215154,0.052000000
4.300000000,5683414,0.052000000
4.400000000,5628439,0.053000000
4.500000000,5270017,0.051000000
4.600000000,5131210,0.054000000
4.700000000,5454966,0.052000000
4.800000000,5200539,0.053000000
4.900000000,5137050,0.054000000
5.000000000,5374285,0.050000000
5.100000000,5715694,0.054000000
5.200000000,5843680,0.052000000
5.300000000,5368210,0.052000000
5.400000000,5786209,0.054000000
5.500000000,5426528,0.050000000
5.600000000,5966481,0.052000000
5.700000000,5255466,0.051000000
5.800000000,5377774,0.050000000
5.900000000,5305269,0.050000000
6.000000000,5561025,0.051000000
6.100000000,5861712,0.052000000
6.200000000,5326180,0.053000000
6.300000000,5283904,0.051000000
6.400000000,5560335,0.053000000
6.500000000,5368039,0.050000000
6.600000000,5542763,0.054000000
6.700000000,5884553,0.051000000
6.800000000,5444051,0.052000000
6.900000000,5060735,0.054000000
7.000000000,5888803,0.050000000
7.100000000,5971947,0.053000000
7.200000000,5051898,0.052000000
7.300000000,5740562,0.054000000
7.400000000,5876139,0.053000000
7.500000000,5069869,0.053000000
7.600000000,5910650,0.054000000
7.700000000,5906902,0.052000000
7.800000000,5087929,0.051000000
7.900000000,5502374,0.053000000
8.000000000,5420749,0.053000000
8.100000000,5671842,0.053000000
8.200000000,5742756,0.052000000
8.300000000,5154635,0.051000000
8.400000000,5297955,0.052000000
8.500000000,5318402,0.052000000
8.600000000,5811815,0.051000000
8.700000000,5434474,0.053000000
8.800000000,5533149,0.054000000
8.900000000,5643418,0.053000000
9.000000000,5833022,0.053000000
9.100000000,5757313,0.054000000
9.200000000,5982565,0.054000000
9.300000000,5658606,0.053000000
9.400000000,5005263,0.050000000
9.500000000,5520238,0.052000000
9.600000000,5630034,0.051000000
9.700000000,5123186,0.050000000
9.800000000,5524392,0.050000000
9.900000000,5874653,0.050000000
10.000000000,5927743,0.054000000
10.100000000,5711834,0.051000000
10.200000000,5970280,0.052000000
10.300000000,5130300,0.052000000
10.400000000,5834726,0.050000000
10.500000000,5487967,0.052000000
10.600000000,5454691,0.054000000
10.700000000,5667370,0.054000000
10.800000000,5299221,0.054000000
10.900000000,5624927,0.054000000
11.000000000,5081751,0.054000000
11.100000000,5445094,0.051000000
11.200000000,5292618,0.050000000
11.300000000,5847263,0.052000000
11.400000000,5558214,0.050000000
11.500000000,5047226,0.053000000
11.600000000,5085998,0.050000000
11.700000000,5766900,0.052000000
11.800000000,5779158,0.052000000
11.900000000,5440667,0.052000000
12.000000000,5712310,0.050000000
12.100000000,5546846,0.053000000
12.200000000,5700630,0.051000000
12.300000000,5082652,0.051000000
12.400000000,5115944,0.054000000
12.500000000,5053882,0.052000000
12.600000000,5015708,0.050000000
12.700000000,5195818,0.050000000
12.800000000,5142718,0.054000000
12.900000000,5318238,0.052000000
13.000000000,5068780,0.051000000
13.100000000,5178995,0.053000000
13.200000000,5405234,0.050000000
13.300000000,5701835,0.052000000
13.400000000,5333184,0.054000000
13.500000000,5043770,0.050000000
13.600000000,5935568,0.051000000
13.700000000,5713904,0.054000000
13.800000000,5539591,0.051000000
13.900000000,5550396,0.052000000
14.000000000,5285141,0.052000000
14.100000000,5530299,0.050000000
14.200000000,5555004,0.051000000
14.300000000,5846826,0.050000000
14.400000000,5428798,0.051000000
14.500000000,5282673,0.054000000
14.600000000,5527557,0.054000000
14.700000000,5799757,0.051000000
14.800000000,5837783,0.052000000
14.900000000,5720109,0.052000000
15.000000000,5025634,0.050000000
15.100000000,5056234,0.051000000
15.200000000,5253140,0.052000000
15.300000000,5253923,0.052000000
15.400000000,5255981,0.050000000
15.500000000,5279114,0.053000000
15.600000000,5062367,0.052000000
15.700000000,5692825,0.054000000
15.800000000,5999263,0.052000000
15.900000000,5311149,0.053000000
16.000000000,5978919,0.053000000
16.100000000,5478338,0.052000000
16.200000000,5745079,0.052000000
16.300000000,5765822,0.053000000
16.400000000,5146716,0.053000000
16.500000000,5576814,0.053000000
16.600000000,5988849,0.054000000
16.700000000,5909159,0.052000000
16.800000000,5100707,0.053000000
16.900000000,5027646,0.050000000
17.000000000,5899096,0.052000000
17.100000000,5350726,0.052000000
17.200000000,5897570,0.050000000
17.300000000,5139462,0.052000000
17.400000000,5098930,0.053000000
17.500000000,5380797,0.054000000
17.600000000,5961323,0.053000000
17.700000000,5245141,0.053000000
17.800000000,5546573,0.053000000
17.900000000,5777366,0.053000000
18.000000000,5069695,0.051000000
18.100000000,5935687,0.050000000
18.200000000,5781852,0.052000000
18.300000000,5444975,0.052000000
18.400000000,5908781,0.051000000
18.500000000,5161718,0.051000000
18.600000000,5718191,0.050000000
18.700000000,5318315,0.052000000
18.800000000,5817984,0.052000000
18.900000000,5592230,0.050000000
19.000000000,5843431,0.052000000
19.100000000,5611687,0.051000000
19.200000000,5111014,0.054000000
19.300000000,5222580,0.050000000
19.400000000,5437403,0.051000000
19.500000000,5479033,0.053000000
19.600000000,5449962,0.054000000
19.700000000,5617578,0.053000000
19.800000000,5801711,0.050000000
19.900000000,5092396,0.053000000
20.000000000,5786711,0.054000000
20.100000000,5769123,0.053000000
20.200000000,5021987,0.053000000
20.300000000,5590663,0.052000000
20.400000000,5263658,0.052000000
20.500000000,5996509,0.052000000
20.600000000,5813296,0.054000000
20.700000000,5439451,0.050000000
20.800000000,5798199,0.054000000
20.900000000,5456499,0.052000000
21.000000000,5213114,0.054000000
21.100000000,5269659,0.051000000
21.200000000,5322028,0.053000000
21.300000000,5086263,0.051000000
21.400000000,5327733,0.050000000
21.500000000,5619805,0.054000000
21.600000000,5083391,0.050000000
21.700000000,5714786,0.050000000
21.800000000,5299541,0.050000000
21.900000000,5687723,0.054000000
22.000000000,5792072,0.050000000
22.100000000,5163525,0.053000000
22.200000000,5903646,0.053000000
22.300000000,5351817,0.053000000
22.400000000,5447790,0.053000000
22.500000000,5342540,0.050000000
22.600000000,5903528,0.050000000
22.700000000,5980443,0.053000000
22.800000000,5828518,0.053000000
22.900000000,5254586,0.053000000
23.000000000,5145446,0.050000000
23.100000000,5495354,0.054000000
23.200000000,5623599,0.053000000
23.300000000,5266016,0.050000000
23.400000000,5633146,0.052000000
23.500000000,5687249,0.050000000
23.600000000,5603147,0.052000000
23.700000000,5889499,0.050000000
23.800000000,5470908,0.050000000
23.900000000,5952389,0.053000000
24.000000000,5836644,0.050000000
24.100000000,5984679,0.053000000
24.200000000,5959735,0.052000000
24.300000000,5651231,0.051000000
24.400000000,5742227,0.052000000
24.500000000,5256417,0.052000000
24.600000000,5346867,0.054000000
24.700000000,5485314,0.051000000
24.800000000,5749098,0.051000000
24.900000000,5069400,0.053000000
25.000000000,5515608,0.054000000
25.100000000,5780698,0.050000000
25.200000000,5963670,0.050000000
25.300000000,5052104,0.053000000
25.400000000,5277986,0.051000000
25.500000000,5583299,0.054000000
25.600000000,5783289,0.050000000
25.700000000,5662586,0.050000000
25.800000000,5718765,0.050000000
25.900000000,5634942,0.050000000
26.000000000,5610999,0.053000000
26.100000000,5251134,0.050000000
26.200000000,5319233,0.053000000
26.300000000,5908331,0.052000000
26.400000000,5285267,0.050000000
26.500000000,5823963,0.050000000
26.600000000,5065142,0.052000000
26.700000000,5290717,0.051000000
26.800000000,5039203,0.054000000
26.900000000,5867715,0.050000000
27.000000000,5014381,0.054000000
27.100000000,5709143,0.052000000
27.200000000,5926758,0.052000000
27.300000000,5577633,0.051000000
27.400000000,5003341,0.054000000
27.500000000,5736259,0.053000000
27.600000000,5991477,0.052000000
27.700000000,5408415,0.051000000
27.800000000,5504168,0.054000000
27.900000000,5195504,0.053000000
28.000000000,5949414,0.052000000
28.100000000,5069397,0.051000000
28.200000000,5058258,0.052000000
28.300000000,5806206,0.050000000
28.400000000,5678489,0.052000000
28.500000000,5955806,0.051000000
28.600000000,5217107,0.051000000
28.700000000,5074428,0.052000000
28.800000000,5103180,0.050000000
28.900000000,5631377,0.050000000
